link,nationality,minutes,type_agent,pond_min
/max-clark/profil/spieler/183291,England,0,Medium,0.0
/sergio-postigo/profil/spieler/158791,Spain,0,Small,0.0
/stanislav-iljutcenko/profil/spieler/191292,Russia,0,Medium,0.0
/ivan-marcone/profil/spieler/90451,Argentina,0,Small,0.0
/florent-mollet/profil/spieler/222859,France,0,No agent,0.0
/juanpe/profil/spieler/115333,Spain,0,Small,0.0
/alban-lafont/profil/spieler/357117,France,0,Relatives,0.0
/bruno-viana/profil/spieler/411838,Brazil,0,No agent,0.0
/emil-audero/profil/spieler/256339,Italy,836,Medium,49.17647058823529
/christian-gentner/profil/spieler/19112,Germany,324,Small,24.923076923076923
/jordan-archer/profil/spieler/177952,Scotland,90,Medium,2.1951219512195124
/afonso-figueiredo/profil/spieler/237000,Portugal,30,Medium,4.285714285714286
/everton-luiz/profil/spieler/75076,Brazil,0,Small,0.0
/trent-alexander-arnold/profil/spieler/314353,England,316,Small,79.0
/dominique-badji/profil/spieler/354840,Senegal,0,No agent,0.0
/shkodran-mustafi/profil/spieler/88590,Germany,1431,Small,110.07692307692308
/lazar-rosic/profil/spieler/198053,Serbia,0,No agent,0.0
/matheus-cunha/profil/spieler/517894,Brazil,0,No agent,0.0
/orji-okwonkwo/profil/spieler/401935,Nigeria,0,Small,0.0
/gwion-edwards/profil/spieler/192766,Wales,0,Big,0.0
/abdullah-durak/profil/spieler/82713,Turkey,161,Small,4.128205128205128
/ricardo-ryller/profil/spieler/349443,Brazil,0,Small,0.0
/elson-hooi/profil/spieler/229228,Curacao,0,Small,0.0
/evgeni-chernov/profil/spieler/187024,Russia,0,Medium,0.0
/warner-hahn/profil/spieler/111180,Netherlands,1078,Small,67.375
/alex-blanco/profil/spieler/328914,Spain,0,Medium,0.0
/julian-gressel/profil/spieler/229640,Germany,0,Big,0.0
/domenico-criscito/profil/spieler/44136,Italy,1717,Small,101.0
/alexander-milosevic/profil/spieler/171376,Sweden,490,Small,35.0
/jordan-lefort/profil/spieler/192492,France,0,No agent,0.0
/fernando-zampedri/profil/spieler/104006,Argentina,0,Small,0.0
/deklan-wynne/profil/spieler/298228,New Zealand,1176,Big,9.71900826446281
/jordan-henderson/profil/spieler/61651,England,3382,No agent,845.5
/kamil-zakirov/profil/spieler/494353,Russia,0,Small,0.0
/niko-giesselmann/profil/spieler/72792,Germany,0,Small,0.0
/thomas-roberts/profil/spieler/513967,United States,0,Medium,0.0
/jan-zamburek/profil/spieler/487924,Czech Republic,0,No agent,0.0
/robin-bormuth/profil/spieler/283286,Germany,0,Small,0.0
/jordan-torunarigha/profil/spieler/227110,Germany,242,Big,18.615384615384617
/mile-jedinak/profil/spieler/28336,Australia,5641,Small,134.3095238095238
/tyrone-mings/profil/spieler/253677,England,0,Medium,0.0
/john-mcginn/profil/spieler/193116,Scotland,799,No agent,19.48780487804878
/diogo-jota/profil/spieler/340950,Portugal,0,Big,0.0
/omir-fernandez/profil/spieler/467271,United States,0,No agent,0.0
/gonzalo-escalante/profil/spieler/266795,Argentina,0,No agent,0.0
/nicolas-blandi/profil/spieler/153022,Argentina,0,Small,0.0
/danny-bakker/profil/spieler/250440,Netherlands,250,Medium,15.625
/charles/profil/spieler/154059,Brazil,0,Small,0.0
/leandro-fernandez/profil/spieler/131840,Argentina,0,No agent,0.0
/igor-akinfeev/profil/spieler/15570,Russia,9649,No agent,209.76086956521738
/andre-shinyashiki/profil/spieler/636331,Brazil,0,Medium,0.0
/jake-cooper/profil/spieler/243603,England,90,No agent,22.5
/neymar/profil/spieler/68290,Brazil,8022,Relatives,2674.0
/pierre-emerick-aubameyang/profil/spieler/58864,Gabon,4028,Relatives,44.26373626373627
/serdar-dursun/profil/spieler/80059,Germany,0,Small,0.0
/valon-behrami/profil/spieler/21905,Switzerland,5835,Small,729.375
/cristian-herrera/profil/spieler/237617,Spain,0,Small,0.0
/kalindi/profil/spieler/379377,Brazil,0,Medium,0.0
/lorenzo-tonelli/profil/spieler/111347,Italy,0,Small,0.0
/enzo-zidane/profil/spieler/106825,France,0,No agent,0.0
/kevin-trapp/profil/spieler/45672,Germany,270,No agent,20.76923076923077
/serhou-guirassy/profil/spieler/270541,France,414,Relatives,207.0
/kerem-demirbay/profil/spieler/125858,Germany,91,Big,7.0
/bulent-cevahir/profil/spieler/147518,Turkey,239,Medium,6.128205128205128
/juan-aguilera/profil/spieler/75820,Spain,0,Medium,0.0
/josete/profil/spieler/77037,Spain,0,Medium,0.0
/moreno-rutten/profil/spieler/187296,Netherlands,0,Small,0.0
/jeff-attinella/profil/spieler/179323,United States,0,No agent,0.0
/ozan-kabak/profil/spieler/361260,Turkey,0,Small,0.0
/laszlo-benes/profil/spieler/243188,Slovakia,1,Medium,0.03125
/ishak-belfodil/profil/spieler/111039,Algeria,670,Relatives,9.43661971830986
/mauro-cerqueira/profil/spieler/352847,Portugal,0,Small,0.0
/mario-rui/profil/spieler/87884,Portugal,523,Small,74.71428571428571
/terence-kongolo/profil/spieler/152651,Netherlands,160,Medium,10.0
/pavel-yakovlev/profil/spieler/63170,Russia,0,Medium,0.0
/nicola-sansone/profil/spieler/82048,Italy,49,Medium,2.8823529411764706
/marc-cucurella/profil/spieler/284857,Spain,415,Medium,46.11111111111111
/jan-ingwer-callsen-bracker/profil/spieler/3851,Germany,224,Small,17.230769230769234
/clement-lenglet/profil/spieler/182904,France,0,Medium,0.0
/jonathan-de-guzman/profil/spieler/31067,Netherlands,801,Medium,50.0625
/dario-benedetto/profil/spieler/92693,Argentina,257,Small,23.363636363636363
/marcelo-goiano/profil/spieler/248903,Brazil,0,Medium,0.0
/sergio-gil/profil/spieler/255994,Spain,0,Medium,0.0
/ramon-abila/profil/spieler/88049,Argentina,0,Relatives,0.0
/yohan-croizet/profil/spieler/195910,France,0,Small,0.0
/calogero-rizzuto/profil/spieler/93753,Germany,0,Small,0.0
/aleksandr-samedov/profil/spieler/15076,Russia,3495,No agent,75.97826086956522
/darron-gibson/profil/spieler/42413,Ireland,0,No agent,0.0
/serhii-rybalka/profil/spieler/81649,Ukraine,540,Small,20.0
/martin-chrien/profil/spieler/252712,Slovakia,0,Small,0.0
/jorge-pulido/profil/spieler/67546,Spain,224,No agent,24.888888888888886
/claudio-yacob/profil/spieler/45330,Argentina,104,Small,9.454545454545455
/nicolas-aguirre/profil/spieler/88166,Argentina,0,No agent,0.0
/lautaro-gianetti/profil/spieler/225963,Argentina,90,Small,8.181818181818182
/bruno-ecuele-manga/profil/spieler/60990,Gabon,5250,Relatives,57.69230769230769
/oliver-mcburnie/profil/spieler/298477,Scotland,341,Big,8.317073170731708
/ferhat-kaplan/profil/spieler/93104,Turkey,19,Medium,0.48717948717948717
/fallou-diagne/profil/spieler/82389,Senegal,207,Big,9.0
/aissa-mandi/profil/spieler/80293,Algeria,3862,Small,54.394366197183096
/aaron-seydel/profil/spieler/187499,Germany,211,Medium,16.23076923076923
/maximiliano-gomez/profil/spieler/396894,Uruguay,160,Big,26.666666666666664
/yuri-gazinskiy/profil/spieler/159957,Russia,1199,No agent,26.065217391304348
/nicolas-benezet/profil/spieler/164230,France,0,Small,0.0
/john-goossens/profil/spieler/35527,Netherlands,259,Small,16.1875
/ruud-boffin/profil/spieler/31336,Belgium,0,Small,0.0
/tomas-hubocan/profil/spieler/63252,Slovakia,4939,Medium,154.34375
/nick-kuipers/profil/spieler/159032,Netherlands,0,Small,0.0
/papiss-demba-cisse/profil/spieler/33952,Senegal,2327,No agent,101.17391304347825
/ben-amos/profil/spieler/73472,England,225,Medium,56.25
/nikola-maras/profil/spieler/258475,Serbia,180,Medium,6.206896551724138
/yann-aurel-bisseck/profil/spieler/441986,Germany,585,Big,45.0
/yeray-alvarez/profil/spieler/255488,Spain,0,No agent,0.0
/ivan-gomez/profil/spieler/459318,Argentina,0,Small,0.0
/iker-casillas/profil/spieler/3979,Spain,13444,Small,1493.7777777777776
/maximilian-jansen/profil/spieler/149209,Germany,0,Small,0.0
/dominik-baumgartner/profil/spieler/206906,Austria,0,Small,0.0
/niki-jackson/profil/spieler/544390,United States,0,No agent,0.0
/mathias-suarez/profil/spieler/294895,Uruguay,191,No agent,31.833333333333332
/nikola-stojiljkovic/profil/spieler/113504,Serbia,147,No agent,5.068965517241379
/jordan-teze/profil/spieler/364245,Netherlands,90,No agent,5.625
/nikola-vukcevic/profil/spieler/151470,Montenegro,2718,Big,51.283018867924525
/asier-illarramendi/profil/spieler/59344,Spain,224,Medium,24.888888888888886
/claudio-marchisio/profil/spieler/44716,Italy,3976,Relatives,233.88235294117646
/iddrisu-baba/profil/spieler/442805,Ghana,0,Small,0.0
/kristoffer-olsson/profil/spieler/193592,Sweden,547,Small,39.07142857142857
/ilzat-akhmetov/profil/spieler/334440,Russia,162,Small,3.5217391304347827
/lucas-digne/profil/spieler/126664,France,1429,Small,714.5
/ravanelli/profil/spieler/390370,Brazil,0,Small,0.0
/lionel-messi/profil/spieler/28003,Argentina,10583,Relatives,962.0909090909091
/raul-albiol/profil/spieler/15452,Spain,4232,Small,470.2222222222222
/rodrigo-brana/profil/spieler/56001,Argentina,481,No agent,43.72727272727273
/josh-sargent/profil/spieler/393325,United States,236,Medium,9.833333333333332
/gonzalo-castellani/profil/spieler/87840,Argentina,0,Small,0.0
/dominik-kohr/profil/spieler/118847,Germany,75,Medium,5.769230769230769
/timur-zhamaletdinov/profil/spieler/315557,Russia,0,Medium,0.0
/pawel-jaroszynski/profil/spieler/287600,Poland,0,Small,0.0
/rani-khedira/profil/spieler/124410,Germany,0,Small,0.0
/lisandro-martinez/profil/spieler/480762,Argentina,45,No agent,4.090909090909091
/ahmed-ildiz/profil/spieler/226169,Turkey,226,Medium,5.794871794871795
/erick-cabaco/profil/spieler/302991,Uruguay,0,Medium,0.0
/salih-dursun/profil/spieler/176961,Turkey,0,Big,0.0
/rouwen-hennings/profil/spieler/16311,Germany,1211,Medium,93.15384615384616
/javier-manquillo/profil/spieler/162029,Spain,0,Big,0.0
/vincent-manceau/profil/spieler/83132,France,0,Medium,0.0
/adis-jahovic/profil/spieler/98536,North Macedonia,740,Small,10.72463768115942
/tom-carroll/profil/spieler/121279,England,1295,No agent,323.75
/jonathan-biabiany/profil/spieler/45567,France,0,Small,0.0
/nahuel-molina/profil/spieler/424042,Argentina,447,No agent,40.63636363636364
/jonas-martin/profil/spieler/127142,France,0,No agent,0.0
/marlon-ritter/profil/spieler/151636,Germany,0,Medium,0.0
/ayoub-el-kaabi/profil/spieler/521127,Morocco,425,No agent,9.444444444444445
/adam-smith/profil/spieler/61841,England,794,Big,198.5
/chris-lowe/profil/spieler/55125,Germany,0,Medium,0.0
/sem-steijn/profil/spieler/593519,Netherlands,0,Small,0.0
/alex-telles/profil/spieler/255755,Brazil,90,Relatives,30.0
/jorrit-hendrix/profil/spieler/205004,Netherlands,25,Big,1.5625
/marco-asensio/profil/spieler/296622,Spain,1226,Small,136.22222222222223
/timo-baumgartl/profil/spieler/187491,Germany,1133,Medium,87.15384615384616
/javi-fuego/profil/spieler/56134,Spain,0,Small,0.0
/joao-teixeira/profil/spieler/182710,Portugal,11,Big,1.5714285714285714
/facundo-piriz/profil/spieler/148607,Uruguay,0,Medium,0.0
/younes-namli/profil/spieler/227039,Denmark,0,Small,0.0
/arturo-calabresi/profil/spieler/240897,Italy,255,Medium,15.0
/niklas-sule/profil/spieler/166601,Germany,1253,Medium,96.38461538461539
/kyle-bartley/profil/spieler/67421,England,0,Big,0.0
/ryan-manning/profil/spieler/262300,Ireland,0,Small,0.0
/omar-browne/profil/spieler/189523,Panama,169,No agent,2.2533333333333334
/sergey-petrov/profil/spieler/102581,Russia,169,Medium,3.6739130434782608
/ezequiel-unsain/profil/spieler/337600,Argentina,0,No agent,0.0
/pele/profil/spieler/99189,Guinea-Bissau,446,Small,3.716666666666667
/fabio-quagliarella/profil/spieler/22328,Italy,1148,Small,67.52941176470588
/mubarak-wakaso/profil/spieler/45639,Ghana,3196,No agent,65.22448979591836
/lionn/profil/spieler/75116,Brazil,0,No agent,0.0
/gaston-bojanich/profil/spieler/357337,Argentina,0,No agent,0.0
/rodrigo-de-paul/profil/spieler/255901,Argentina,196,No agent,17.81818181818182
/bruno-martins-indi/profil/spieler/112052,Netherlands,2698,Medium,168.625
/pierrick-capelle/profil/spieler/214532,France,0,No agent,0.0
/jonathan-osorio/profil/spieler/260807,Canada,1386,Medium,17.544303797468356
/giorgi-papunashvili/profil/spieler/214259,Georgia,401,Small,4.221052631578948
/lukas-gugganig/profil/spieler/164142,Austria,0,Big,0.0
/drew-moor/profil/spieler/39503,United States,450,Medium,18.75
/julian-brandt/profil/spieler/187492,Germany,874,Relatives,67.23076923076924
/denis-thomalla/profil/spieler/94030,Germany,0,Medium,0.0
/sergio-ramos/profil/spieler/25557,Spain,12686,Relatives,1409.5555555555554
/giorgi-aburjania/profil/spieler/186848,Georgia,629,Big,6.621052631578947
/nathan-byrne/profil/spieler/121276,England,0,Medium,0.0
/faycal-fajr/profil/spieler/174344,Morocco,1753,Small,38.955555555555556
/richonell-margaret/profil/spieler/465326,Netherlands,0,Big,0.0
/guilherme-oliveira/profil/spieler/257369,Portugal,0,Small,0.0
/artem-rebrov/profil/spieler/15680,Russia,44,Medium,0.9565217391304348
/yohan-benalouane/profil/spieler/50477,Tunisia,241,No agent,8.607142857142856
/milton-alvarez/profil/spieler/526527,Argentina,0,No agent,0.0
/johan-blomberg/profil/spieler/107539,Sweden,0,Medium,0.0
/diego-valoyes/profil/spieler/413983,Colombia,0,Small,0.0
/milan-lukac/profil/spieler/47024,Serbia,1,Small,0.034482758620689655
/sven-michel/profil/spieler/186988,Germany,0,Medium,0.0
/jannik-dehm/profil/spieler/211671,Germany,165,Small,12.692307692307693
/james-milner/profil/spieler/3333,England,3469,Medium,867.25
/miguel-veloso/profil/spieler/43848,Portugal,3647,Big,521.0
/cristian-ansaldi/profil/spieler/55854,Argentina,359,Small,32.63636363636364
/fabian-henriquez/profil/spieler/400611,Argentina,0,No agent,0.0
/ruben-duarte/profil/spieler/177046,Spain,703,Big,78.1111111111111
/nildo-petrolina/profil/spieler/158427,Brazil,0,Small,0.0
/emiliano-velazquez/profil/spieler/189458,Uruguay,90,Small,15.0
/chris-basham/profil/spieler/52495,England,0,Medium,0.0
/maciej-wilusz/profil/spieler/42109,Poland,215,Small,10.75
/gerard-moreno/profil/spieler/177467,Spain,0,Medium,0.0
/ciro-rius/profil/spieler/101875,Argentina,0,No agent,0.0
/nikolay-markov/profil/spieler/89088,Russia,0,No agent,0.0
/zelimkhan-bakaev/profil/spieler/279242,Russia,743,No agent,16.152173913043477
/maxime-le-marchand/profil/spieler/60558,France,0,Small,0.0
/john-guidetti/profil/spieler/98596,Sweden,1125,Small,80.35714285714285
/antonis-aidonis/profil/spieler/405674,Germany,175,Small,13.461538461538462
/assil-jaziri/profil/spieler/633398,Tunisia,0,Small,0.0
/guilherme/profil/spieler/55369,Russia,448,No agent,9.73913043478261
/alfredo-morales/profil/spieler/58500,United States,543,Big,22.625
/claudio-falcao/profil/spieler/437566,Brazil,0,Small,0.0
/accioly/profil/spieler/56054,Brazil,0,No agent,0.0
/carlos-soler/profil/spieler/372246,Spain,0,Big,0.0
/dani-schahin/profil/spieler/58437,Germany,0,Medium,0.0
/miguel-linares/profil/spieler/95504,Spain,0,No agent,0.0
/danil-lipovoy/profil/spieler/462988,Russia,717,No agent,15.58695652173913
/shawn-parker/profil/spieler/89659,Germany,63,Small,4.846153846153847
/alvaro-vadillo/profil/spieler/162074,Spain,0,Medium,0.0
/stefan-johansen/profil/spieler/62008,Norway,3731,No agent,74.62
/iker-muniain/profil/spieler/54235,Spain,49,Small,5.444444444444444
/daniel-heuer-fernandes/profil/spieler/84993,Portugal,0,Big,0.0
/jason-puncheon/profil/spieler/47995,England,0,Relatives,0.0
/cian-harries/profil/spieler/319300,Wales,0,No agent,0.0
/oliver-skipp/profil/spieler/406638,England,190,Small,47.5
/kylian-mbappe/profil/spieler/342229,France,2080,Relatives,1040.0
/edimilson-fernandes/profil/spieler/247555,Switzerland,287,Small,35.875
/kortney-hause/profil/spieler/233124,England,758,Small,189.5
/minhoca/profil/spieler/194177,Portugal,0,Small,0.0
/gersom-klok/profil/spieler/56325,Netherlands,0,No agent,0.0
/georgios-tzavellas/profil/spieler/42942,Greece,2158,Relatives,49.04545454545455
/david-costas/profil/spieler/276111,Spain,65,Medium,7.222222222222221
/marcus-epps/profil/spieler/482646,United States,0,Small,0.0
/odil-akhmedov/profil/spieler/63606,Uzbekistan,6605,Medium,76.80232558139535
/javier-gandolfi/profil/spieler/26242,Argentina,0,No agent,0.0
/daniel-salloi/profil/spieler/321946,Hungary,0,Medium,0.0
/chey-dunkley/profil/spieler/217094,Jamaica,0,No agent,0.0
/martin-hinteregger/profil/spieler/85789,Austria,3292,Medium,96.82352941176471
/erik-holt/profil/spieler/510344,United States,0,Medium,0.0
/tim-knipping/profil/spieler/185520,Germany,0,Small,0.0
/ryad-boudebouz/profil/spieler/77826,Algeria,1237,Small,17.422535211267608
/marek-hamsik/profil/spieler/38593,Slovakia,8790,Small,274.6875
/luquinhas/profil/spieler/402825,Brazil,0,Small,0.0
/branislav-ivanovic/profil/spieler/36827,Serbia,8682,Small,299.37931034482756
/florian-kruger/profil/spieler/317740,Germany,44,Big,3.384615384615385
/cameron-carter-vickers/profil/spieler/341049,United States,553,Small,23.041666666666664
/lewis-walker/profil/spieler/430801,England,0,No agent,0.0
/rui-patricio/profil/spieler/45026,Portugal,7179,Big,1025.5714285714284
/magomed-elmurzaev/profil/spieler/450282,Russia,0,No agent,0.0
/ivan-arboleda/profil/spieler/260740,Colombia,90,No agent,7.5
/alvaro-raton/profil/spieler/248551,Spain,0,Small,0.0
/wesley-lautoa/profil/spieler/154199,France,0,No agent,0.0
/diogo-goncalves/profil/spieler/258015,Portugal,0,Big,0.0
/tomas-rincon/profil/spieler/75942,Venezuela,7844,Medium,261.46666666666664
/samuel-chukwueze/profil/spieler/401922,Nigeria,45,Small,1.0465116279069768
/simone-iacoponi/profil/spieler/59699,Italy,0,Small,0.0
/oliver-sorg/profil/spieler/55114,Germany,82,Medium,6.307692307692308
/marcos-acuna/profil/spieler/60410,Argentina,908,Small,82.54545454545455
/xadas/profil/spieler/345345,Portugal,313,Relatives,44.714285714285715
/nicola-dalmonte/profil/spieler/301237,Italy,259,Medium,15.235294117647058
/lennart-thy/profil/spieler/23553,Germany,0,Medium,0.0
/juan-andrada/profil/spieler/457212,Argentina,0,No agent,0.0
/jan-moravek/profil/spieler/63022,Czech Republic,72,Small,1.5
/nicolas-domingo/profil/spieler/39150,Argentina,0,Small,0.0
/kevin-kampl/profil/spieler/53418,Slovenia,2244,Small,35.0625
/kofi-opare/profil/spieler/256357,United States,0,No agent,0.0
/mitchell-dijks/profil/spieler/187245,Netherlands,0,Small,0.0
/gotoku-sakai/profil/spieler/103310,Japan,2958,Small,113.76923076923077
/vlad-chiriches/profil/spieler/123261,Romania,4678,Small,187.12
/artur-nigmatullin/profil/spieler/70074,Russia,0,Small,0.0
/romain-thomas/profil/spieler/57467,France,0,Small,0.0
/derrick-luckassen/profil/spieler/241457,Netherlands,0,Small,0.0
/oscar-trejo/profil/spieler/30321,Argentina,0,Medium,0.0
/dominik-reimann/profil/spieler/238722,Germany,180,Medium,13.846153846153847
/moataz-zemzemi/profil/spieler/422893,Tunisia,0,Relatives,0.0
/nils-roseler/profil/spieler/47740,Germany,0,Small,0.0
/tomer-hemed/profil/spieler/112668,Israel,2071,Big,24.36470588235294
/olivier-boscagli/profil/spieler/318508,France,428,No agent,214.0
/tristan-dekker/profil/spieler/315124,Netherlands,44,Medium,2.75
/jan-kral/profil/spieler/358132,Czech Republic,0,Small,0.0
/jovane-cabral/profil/spieler/448466,Cape Verde,5,Small,0.0641025641025641
/alex-ferrari/profil/spieler/197491,Italy,0,Small,0.0
/marwin-reuvers/profil/spieler/470910,Netherlands,0,Small,0.0
/ayo-akinola/profil/spieler/370979,United States,738,No agent,30.75
/alessandro-murgia/profil/spieler/289061,Italy,724,Medium,42.588235294117645
/daniel-didavi/profil/spieler/57995,Germany,200,Medium,15.384615384615385
/andrey-lunev/profil/spieler/112541,Russia,630,No agent,13.695652173913043
/ilkay-gundogan/profil/spieler/53622,Germany,1797,Small,138.23076923076923
/dani-parejo/profil/spieler/59561,Spain,85,Medium,9.444444444444445
/sandro-wagner/profil/spieler/39743,Germany,444,Small,34.15384615384615
/nikola-vlasic/profil/spieler/293200,Croatia,215,Small,43.0
/svante-ingelsson/profil/spieler/321079,Sweden,0,Medium,0.0
/yannick-stark/profil/spieler/49737,Germany,0,Medium,0.0
/pablo-mari/profil/spieler/210178,Spain,0,Medium,0.0
/rui-silva/profil/spieler/234811,Portugal,0,Small,0.0
/gedion-zelalem/profil/spieler/228370,United States,107,Medium,4.458333333333333
/thijmen-goppel/profil/spieler/342240,Netherlands,0,Medium,0.0
/nolan-mbemba/profil/spieler/276768,France,0,No agent,0.0
/frank-acheampong/profil/spieler/157160,Ghana,1330,Small,27.142857142857142
/sebastian-palacios/profil/spieler/262861,Argentina,0,Small,0.0
/tono/profil/spieler/125931,Spain,0,Big,0.0
/boubacar-kamara/profil/spieler/394327,France,180,Medium,90.0
/felix-eboa-eboa/profil/spieler/296359,Cameroon,44,Relatives,0.8148148148148148
/molla-wague/profil/spieler/129893,Mali,2380,Big,36.06060606060606
/eric-dier/profil/spieler/175722,England,2667,Small,666.75
/tate-schmitt/profil/spieler/637658,United States,0,Medium,0.0
/robert-leipertz/profil/spieler/119120,Germany,0,Big,0.0
/stiven-mendoza/profil/spieler/131101,Colombia,0,Small,0.0
/arturo-mina/profil/spieler/263628,Ecuador,1488,Small,24.8
/andre-claro/profil/spieler/86804,Portugal,0,Small,0.0
/lucas-tousart/profil/spieler/353948,France,1292,Small,646.0
/josue/profil/spieler/72772,Portugal,126,Small,18.0
/alejandro-pozuelo/profil/spieler/188853,Spain,0,Big,0.0
/sergio-floccari/profil/spieler/30638,Italy,0,Small,0.0
/ionut-radu/profil/spieler/303657,Romania,0,Small,0.0
/abdou-traore/profil/spieler/42941,Burkina Faso,2338,Medium,39.6271186440678
/marc-andre-ter-stegen/profil/spieler/74857,Germany,1719,Medium,132.23076923076923
/damian-batallini/profil/spieler/421998,Argentina,0,No agent,0.0
/alireza-jahanbakhsh/profil/spieler/213268,Iran,2428,Small,110.36363636363636
/ademola-lookman/profil/spieler/406040,England,631,Small,157.75
/rajko-rotman/profil/spieler/100303,Slovenia,895,Small,13.984375
/michael-murillo/profil/spieler/354482,Panama,2473,Small,32.973333333333336
/platiny/profil/spieler/248901,Brazil,0,Medium,0.0
/kekuta-manneh/profil/spieler/253053,United States,0,Medium,0.0
/said-benrahma/profil/spieler/290532,Algeria,96,Medium,1.352112676056338
/daryl-murphy/profil/spieler/31312,Ireland,0,No agent,0.0
/anwar-el-ghazi/profil/spieler/183720,Netherlands,159,Big,9.9375
/mickey-van-der-hart/profil/spieler/207048,174.0,0,No agent,0.0
/jordan-morris/profil/spieler/337807,United States,1068,Medium,44.5
/clinton-njie/profil/spieler/241119,Cameroon,1604,No agent,29.703703703703702
/santi-comesana/profil/spieler/380598,Spain,0,Small,0.0
/onur-ayik/profil/spieler/52006,Turkey,0,Relatives,0.0
/rodrigo-battaglia/profil/spieler/89297,Argentina,180,No agent,16.363636363636363
/ih-yeong-park/profil/spieler/307397,"Korea, South",0,Medium,0.0
/welinton/profil/spieler/95152,Brazil,0,Small,0.0
/antonio-mirante/profil/spieler/22141,Italy,0,Small,0.0
/dominic-samuel/profil/spieler/203784,England,120,Big,30.0
/dogukan-sinik/profil/spieler/370833,Turkey,122,Small,3.128205128205128
/mikhail-ignatov/profil/spieler/419672,174.0,0,No agent,0.0
/orel-mangala/profil/spieler/289592,Belgium,0,Small,0.0
/nils-butzen/profil/spieler/151105,Germany,0,Medium,0.0
/steffen-schafer/profil/spieler/119291,Germany,0,No agent,0.0
/luca-sangalli/profil/spieler/289286,Spain,0,No agent,0.0
/tommy-elphick/profil/spieler/37152,England,0,Medium,0.0
/salvatore-sirigu/profil/spieler/25508,Italy,1552,Small,91.29411764705883
/ander-capa/profil/spieler/197545,Spain,0,No agent,0.0
/pablo-valcarce/profil/spieler/365313,Spain,0,Small,0.0
/georgi-zotov/profil/spieler/113235,Russia,0,Relatives,0.0
/christian-fernandez/profil/spieler/48294,Spain,0,Small,0.0
/djordje-mihailovic/profil/spieler/484756,United States,125,No agent,5.208333333333333
/juan-foyth/profil/spieler/480763,Argentina,180,Medium,16.363636363636363
/eder/profil/spieler/37418,Italy,1529,Medium,89.94117647058823
/diogo-leite/profil/spieler/357156,Portugal,373,Small,53.285714285714285
/kyle-vassell/profil/spieler/293002,Northern Ireland,32,Small,0.9696969696969697
/laurent-ciman/profil/spieler/22338,Belgium,1493,No agent,1493.0
/kik-pierie/profil/spieler/361207,Netherlands,787,Small,49.1875
/richard-magyar/profil/spieler/148727,Sweden,0,Medium,0.0
/arthur/profil/spieler/362842,Brazil,479,No agent,159.66666666666666
/vincent-laurini/profil/spieler/94936,France,0,Small,0.0
/danilo-silva/profil/spieler/61952,Brazil,0,Small,0.0
/osvaldo-alonso/profil/spieler/62810,Cuba,1261,Small,7.247126436781609
/tobias-mohr/profil/spieler/153661,Germany,0,Medium,0.0
/hee-chan-hwang/profil/spieler/292246,"Korea, South",0,Medium,0.0
/lautaro-guzman/profil/spieler/626916,Argentina,0,No agent,0.0
/martin-skrtel/profil/spieler/24180,Slovakia,8383,Medium,261.96875
/julian-pollersbeck/profil/spieler/228975,Germany,615,Small,47.307692307692314
/deni-milosevic/profil/spieler/168163,Bosnia-Herzegovina,133,Small,3.8
/ze-luis/profil/spieler/134602,Cape Verde,846,Small,10.846153846153845
/mathias-normann/profil/spieler/257805,Norway,0,Small,0.0
/timo-werner/profil/spieler/170527,Germany,1728,Medium,132.92307692307693
/ismael-quilez/profil/spieler/91360,Argentina,69,No agent,6.2727272727272725
/beram-kayal/profil/spieler/44741,Israel,2595,Big,30.52941176470588
/valter-birsa/profil/spieler/26105,Slovenia,5528,Medium,86.375
/alex-muyl/profil/spieler/413690,United States,0,No agent,0.0
/romain-genevois/profil/spieler/57525,Haiti,824,Small,8.07843137254902
/mohamed-elneny/profil/spieler/160438,Egypt,5626,Big,97.0
/tom-davies/profil/spieler/314210,England,783,No agent,195.75
/sam-vines/profil/spieler/535282,United States,0,Medium,0.0
/albert-rusnak/profil/spieler/43228,Slovakia,1073,Small,33.53125
/enrique-borja/profil/spieler/417326,Paraguay,0,No agent,0.0
/marcus-thuram/profil/spieler/318528,France,506,No agent,253.0
/robert-andrich/profil/spieler/159088,Germany,27,Small,2.076923076923077
/zac-macmath/profil/spieler/156300,United States,270,Medium,11.25
/sven-braken/profil/spieler/185400,Netherlands,0,Small,0.0
/okechukwu-azubuike/profil/spieler/386126,Nigeria,26,No agent,0.6046511627906976
/michael-brouwer/profil/spieler/231650,Netherlands,0,No agent,0.0
/egor-baburin/profil/spieler/146918,Russia,450,Medium,9.782608695652174
/sadio-mane/profil/spieler/200512,Senegal,4520,Big,196.52173913043478
/kristofer-kristinsson/profil/spieler/400174,Iceland,0,Medium,0.0
/evens-joseph/profil/spieler/593320,France,0,Small,0.0
/lukas-kubler/profil/spieler/93604,Germany,0,Medium,0.0
/marvin-plattenhardt/profil/spieler/89592,Germany,476,Small,36.61538461538462
/emerson-hyndman/profil/spieler/223047,United States,67,Big,2.7916666666666665
/darwin-quintero/profil/spieler/55666,Colombia,479,Medium,39.916666666666664
/manuel-castro/profil/spieler/335984,Uruguay,0,No agent,0.0
/wilson-kamavuaka/profil/spieler/55512,DR Congo,0,Small,0.0
/jese/profil/spieler/134936,Spain,114,Medium,12.666666666666666
/marco-dalessandro/profil/spieler/99232,Italy,544,Small,32.0
/lucas-vazquez/profil/spieler/221316,Spain,301,Medium,33.44444444444444
/yekta-kurtulus/profil/spieler/63204,Turkey,97,Medium,2.4871794871794872
/raul-guti/profil/spieler/330352,Spain,0,No agent,0.0
/abdul-aziz-tetteh/profil/spieler/157003,Ghana,0,Small,0.0
/franck-evina/profil/spieler/336331,Cameroon,0,Small,0.0
/ruben-pena/profil/spieler/238868,Spain,0,No agent,0.0
/keagan-dolly/profil/spieler/234006,South Africa,1042,Small,14.081081081081082
/lewis-wing/profil/spieler/517286,England,0,Small,0.0
/federico-cartabia/profil/spieler/242548,Argentina,0,No agent,0.0
/isaac-hayden/profil/spieler/206225,England,189,No agent,47.25
/jack-butland/profil/spieler/128899,England,603,Small,150.75
/michael-dawson/profil/spieler/9988,England,251,Small,62.75
/aly-ghazal/profil/spieler/254981,Egypt,642,Big,11.068965517241379
/martin-montoya/profil/spieler/68645,Spain,0,No agent,0.0
/cristian-pavon/profil/spieler/373170,Argentina,386,Small,35.09090909090909
/alvaro-medran/profil/spieler/253839,Spain,44,Small,4.888888888888888
/samba-sow/profil/spieler/89461,Mali,638,Small,9.666666666666666
/alejandro-romero-gamarra/profil/spieler/355817,Paraguay,143,No agent,3.972222222222222
/oghenekaro-etebo/profil/spieler/409106,Nigeria,1387,Small,32.25581395348837
/khaled-adenon/profil/spieler/39174,Benin,3741,Small,40.66304347826087
/michael-hefele/profil/spieler/102382,Germany,0,Medium,0.0
/aatif-chahechouhe/profil/spieler/73480,Morocco,188,Small,4.177777777777778
/ramon-pascal-lundqvist/profil/spieler/238084,Sweden,0,Big,0.0
/nouha-dicko/profil/spieler/173750,Mali,90,Big,1.3636363636363638
/mustafa-akbas/profil/spieler/98113,Turkey,0,No agent,0.0
/marakis/profil/spieler/188669,Portugal,0,No agent,0.0
/cristian-chavez/profil/spieler/70132,Argentina,0,No agent,0.0
/lazar-markovic/profil/spieler/144303,Serbia,1493,Relatives,51.48275862068965
/maksim-semakin/profil/spieler/72165,Russia,0,No agent,0.0
/zian-flemming/profil/spieler/411537,Netherlands,0,Medium,0.0
/robert-strauss/profil/spieler/18068,Germany,0,Small,0.0
/toni-lato/profil/spieler/320271,Spain,155,Medium,17.22222222222222
/jack-grealish/profil/spieler/203460,England,420,Big,105.0
/tim-matavz/profil/spieler/50303,Slovenia,1911,Medium,29.859375
/albert-adomah/profil/spieler/83430,Ghana,775,Small,15.816326530612244
/kiki/profil/spieler/270055,Portugal,0,Small,0.0
/jake-nerwinski/profil/spieler/482612,United States,0,No agent,0.0
/eljif-elmas/profil/spieler/400489,North Macedonia,579,Relatives,8.391304347826088
/dimitri-payet/profil/spieler/37647,France,2101,No agent,1050.5
/sven-ulreich/profil/spieler/40680,Germany,224,Small,17.230769230769234
/danilo-soares/profil/spieler/154396,Brazil,0,Small,0.0
/robert-muhren/profil/spieler/186763,Netherlands,0,Small,0.0
/johnny-russell/profil/spieler/55494,Scotland,449,No agent,10.951219512195122
/henri-lansbury/profil/spieler/44794,England,780,No agent,195.0
/brandon-servania/profil/spieler/455979,United States,629,No agent,26.208333333333332
/jailson/profil/spieler/366948,Brazil,0,No agent,0.0
/britt-assombalonga/profil/spieler/186172,DR Congo,0,No agent,0.0
/conor-townsend/profil/spieler/146509,England,0,Medium,0.0
/ivan-markelov/profil/spieler/106569,Russia,0,Medium,0.0
/marcelo/profil/spieler/52920,Brazil,0,Big,0.0
/anton-shunin/profil/spieler/37549,Russia,88,Medium,1.9130434782608696
/mikel-san-jose/profil/spieler/52469,Spain,494,Small,54.888888888888886
/jan-vertonghen/profil/spieler/43250,Belgium,9562,Medium,9562.0
/eric-miller/profil/spieler/245315,United States,0,Medium,0.0
/kyle-duncan/profil/spieler/349699,United States,167,No agent,6.958333333333333
/emmanuel-iyoha/profil/spieler/314245,Germany,58,Small,4.461538461538462
/romulo/profil/spieler/121756,Italy,0,Small,0.0
/murat-cem-akpinar/profil/spieler/388913,Turkey,243,Small,6.230769230769231
/luca-plogmann/profil/spieler/335997,Germany,360,Small,27.692307692307693
/erwin-mulder/profil/spieler/56631,Netherlands,0,Small,0.0
/david-junca/profil/spieler/164055,Spain,0,Big,0.0
/matias-caruzzo/profil/spieler/56573,Argentina,359,No agent,32.63636363636364
/vitor-goncalves/profil/spieler/194547,Portugal,95,Small,13.571428571428571
/markel-susaeta/profil/spieler/54245,Spain,18,No agent,2.0
/brice-samba/profil/spieler/191056,France,0,Medium,0.0
/geronimo-rulli/profil/spieler/229604,Argentina,149,Medium,13.545454545454545
/andrej-kramaric/profil/spieler/46580,Croatia,2156,Medium,431.20000000000005
/anaitz-arbilla/profil/spieler/71548,Spain,0,No agent,0.0
/alan/profil/spieler/73460,Brazil,0,Small,0.0
/benjamin-hubner/profil/spieler/52348,Germany,0,Small,0.0
/kevin-lankford/profil/spieler/338879,Germany,0,Medium,0.0
/enis-hajri/profil/spieler/28735,Tunisia,0,Small,0.0
/steve-mandanda/profil/spieler/23951,France,2462,Small,1231.0
/raul-navas/profil/spieler/142419,Spain,0,Small,0.0
/adrien-thomasson/profil/spieler/215977,France,0,No agent,0.0
/joshua-brenet/profil/spieler/207006,Netherlands,134,Medium,8.375
/erick-pulgar/profil/spieler/215616,Chile,644,Small,42.93333333333333
/nick-rimando/profil/spieler/39434,United States,1439,Medium,59.95833333333333
/lucas-villalba/profil/spieler/240913,Argentina,0,No agent,0.0
/simon-dawkins/profil/spieler/57488,Jamaica,1427,Small,25.035087719298243
/vitus-eicher/profil/spieler/57796,Germany,0,Medium,0.0
/fabian-ruiz/profil/spieler/350219,Spain,0,Medium,0.0
/carlos-akapo/profil/spieler/225015,Equatorial Guinea,1074,Medium,6.172413793103448
/niltinho/profil/spieler/271353,Brazil,0,Small,0.0
/borys-tashchy/profil/spieler/138292,Ukraine,0,Big,0.0
/aron-gunnarsson/profil/spieler/63821,Iceland,6365,Big,159.125
/william/profil/spieler/153207,Brazil,0,No agent,0.0
/toni-sunjic/profil/spieler/60790,Bosnia-Herzegovina,2692,Small,76.91428571428571
/antonin-barak/profil/spieler/272261,Czech Republic,939,No agent,19.5625
/callum-connolly/profil/spieler/308632,England,268,No agent,67.0
/joe-gomez/profil/spieler/256178,England,435,Medium,108.75
/junio/profil/spieler/520469,Brazil,0,Medium,0.0
/elhadji-pape-diaw/profil/spieler/410238,Senegal,90,No agent,3.9130434782608696
/florian-thauvin/profil/spieler/184892,France,162,No agent,81.0
/miguel-luis/profil/spieler/357161,Portugal,581,No agent,83.0
/carlos-martinez/profil/spieler/58074,Spain,0,No agent,0.0
/yannis-ammour/profil/spieler/420782,France,0,No agent,0.0
/facundo-sanchez/profil/spieler/107523,Argentina,0,Medium,0.0
/leo-stulac/profil/spieler/171159,Slovenia,61,Small,0.953125
/solly-march/profil/spieler/209212,England,148,Small,37.0
/sebastian-griesbeck/profil/spieler/153555,Germany,0,Medium,0.0
/lewis-dunk/profil/spieler/148153,England,90,Big,22.5
/bart-ramselaar/profil/spieler/326701,Netherlands,95,Medium,5.9375
/roman-tugarev/profil/spieler/289643,Russia,112,Medium,2.4347826086956523
/vladimir-rykov/profil/spieler/117802,Russia,90,No agent,1.9565217391304348
/greg-leigh/profil/spieler/201586,England,0,No agent,0.0
/costinha/profil/spieler/236886,Portugal,0,Small,0.0
/alex-meret/profil/spieler/240414,Italy,0,Medium,0.0
/joao-carvalho/profil/spieler/258005,Portugal,0,Big,0.0
/ayoze-perez/profil/spieler/246968,Spain,0,Small,0.0
/lukas-jutkiewicz/profil/spieler/33507,England,0,No agent,0.0
/mohammed-osman/profil/spieler/273431,Syria,282,Small,3.3571428571428568
/jaakko-oksanen/profil/spieler/433893,Finland,0,Small,0.0
/oualid-el-hajjam/profil/spieler/283127,Morocco,261,No agent,5.8
/taleb-tawatha/profil/spieler/60761,Israel,1267,Small,14.905882352941177
/jonathas/profil/spieler/58345,Brazil,0,Small,0.0
/moryke-fofana/profil/spieler/240497,Cote d'Ivoire,0,Small,0.0
/adrian-calello/profil/spieler/55911,Argentina,0,Small,0.0
/daniel-james/profil/spieler/319301,Wales,128,Big,6.7368421052631575
/baris-ekincier/profil/spieler/383223,Azerbaijan,0,Small,0.0
/jack-robinson/profil/spieler/128909,England,729,Medium,182.25
/kevin-mohwald/profil/spieler/94137,Germany,76,Medium,5.846153846153847
/christian-kouame/profil/spieler/337725,Cote d'Ivoire,0,Medium,0.0
/mucahit-can-akcay/profil/spieler/315202,Turkey,0,Small,0.0
/mohamed-drager/profil/spieler/192167,Tunisia,124,Medium,4.428571428571428
/joao-talocha/profil/spieler/205116,Portugal,0,Small,0.0
/reto-ziegler/profil/spieler/9915,Switzerland,2408,Small,301.0
/massimo-gobbi/profil/spieler/28020,Italy,14,Small,0.8235294117647058
/felix-wiedwald/profil/spieler/44594,Germany,0,Small,0.0
/diogo-verdasca/profil/spieler/225162,Portugal,0,Medium,0.0
/handwalla-bwana/profil/spieler/425824,Kenya,0,No agent,0.0
/jefferson-montero/profil/spieler/77932,Ecuador,3998,No agent,66.63333333333333
/paddy-mcnair/profil/spieler/167268,Northern Ireland,1410,No agent,42.72727272727273
/nicolai-muller/profil/spieler/39426,Germany,12,Big,0.9230769230769231
/ignacio-piatti/profil/spieler/37433,Argentina,0,Small,0.0
/gustavo-sauer/profil/spieler/336158,Brazil,0,Small,0.0
/ezequiel-videla/profil/spieler/125889,Argentina,0,No agent,0.0
/alan-ruiz/profil/spieler/190442,Argentina,265,No agent,24.09090909090909
/facundo-medina/profil/spieler/474800,Argentina,772,No agent,70.18181818181819
/bernard-tekpetey/profil/spieler/422380,Ghana,88,Small,1.7959183673469385
/angel-rangel/profil/spieler/66550,Spain,0,Big,0.0
/clemente/profil/spieler/59372,Portugal,0,No agent,0.0
/maximilian-mittelstadt/profil/spieler/282660,Germany,302,Medium,23.230769230769234
/ze-manuel/profil/spieler/113025,Portugal,0,Small,0.0
/iago-aspas/profil/spieler/72047,Spain,623,Big,69.22222222222221
/antonino-barilla/profil/spieler/39828,Italy,491,Small,28.88235294117647
/issam-chebake/profil/spieler/332049,Morocco,0,No agent,0.0
/dean-gerken/profil/spieler/42055,England,0,Medium,0.0
/joaquin-laso/profil/spieler/360797,Argentina,0,No agent,0.0
/aleksandr-anyukov/profil/spieler/17749,Russia,6132,Medium,133.30434782608694
/havard-nielsen/profil/spieler/136181,Norway,575,Medium,11.5
/osman-kakay/profil/spieler/419576,Sierra Leone,21,Medium,0.17948717948717952
/sebastian-ernst/profil/spieler/108198,Germany,0,Medium,0.0
/erick-gutierrez/profil/spieler/298796,Mexico,812,Small,45.11111111111111
/idrissa-doumbia/profil/spieler/430579,Cote d'Ivoire,0,Small,0.0
/dani-romera/profil/spieler/271451,Spain,0,Small,0.0
/leandro-paiva/profil/spieler/269524,Uruguay,0,No agent,0.0
/leon-bailey/profil/spieler/387626,Jamaica,0,Small,0.0
/german-herrera/profil/spieler/32710,Argentina,0,Small,0.0
/thomas-delaney/profil/spieler/91849,Denmark,2639,Medium,263.90000000000003
/tristan-nydam/profil/spieler/483545,England,60,Big,15.0
/pavel-kaloshin/profil/spieler/605627,Russia,0,No agent,0.0
/kurt-zouma/profil/spieler/157509,France,96,No agent,48.0
/yussuf-poulsen/profil/spieler/157635,Denmark,2310,Small,231.0
/lukas-hinterseer/profil/spieler/59054,Austria,348,Small,10.235294117647058
/sone-aluko/profil/spieler/42198,Nigeria,278,Small,6.465116279069767
/alexander-buttner/profil/spieler/38003,Netherlands,0,Medium,0.0
/alexandru-epureanu/profil/spieler/45340,Moldova,7259,Small,41.7183908045977
/nahuel-arena/profil/spieler/552629,Argentina,0,Relatives,0.0
/xisco-campos/profil/spieler/70946,Spain,0,Small,0.0
/luis-robles/profil/spieler/47289,United States,225,Small,9.375
/erik-zenga/profil/spieler/85961,Germany,791,Small,60.84615384615385
/martin-cranie/profil/spieler/27659,England,932,Medium,233.0
/dries-saddiki/profil/spieler/370042,Netherlands,0,No agent,0.0
/aymeric-laporte/profil/spieler/176553,France,0,No agent,0.0
/takashi-inui/profil/spieler/98249,Japan,1534,Small,59.0
/richie-laryea/profil/spieler/417348,Canada,0,Small,0.0
/zanka/profil/spieler/52059,Denmark,1464,Medium,146.4
/craig-noone/profil/spieler/81202,England,0,No agent,0.0
/dani-ceballos/profil/spieler/319745,Spain,441,Medium,49.0
/alexandre-mendy/profil/spieler/290561,France,0,Medium,0.0
/douglas-luiz/profil/spieler/447661,Brazil,0,Small,0.0
/borja-baston/profil/spieler/85324,Spain,0,Small,0.0
/marvin-ducksch/profil/spieler/125103,Germany,0,Big,0.0
/brent-kallman/profil/spieler/226643,United States,0,Small,0.0
/marcelo-brozovic/profil/spieler/156617,Croatia,3277,Small,655.4000000000001
/casimir-ninga/profil/spieler/392810,Chad,270,Small,1.5517241379310345
/kevin-gameiro/profil/spieler/27389,France,520,Small,260.0
/stijn-schaars/profil/spieler/4698,Netherlands,1151,Medium,71.9375
/rodrigo-salinas/profil/spieler/125750,Argentina,0,Relatives,0.0
/alejo-montero/profil/spieler/649998,Argentina,0,No agent,0.0
/agustin-fontana/profil/spieler/345229,Argentina,0,Small,0.0
/paul-baysse/profil/spieler/43256,France,450,Small,225.0
/oscar-cabezas/profil/spieler/514299,Colombia,0,Small,0.0
/mo-el-hankouri/profil/spieler/384587,Morocco,0,Medium,0.0
/andrew-hjulsager/profil/spieler/167798,Denmark,0,Relatives,0.0
/nuno-andre-coelho/profil/spieler/40858,Portugal,640,Small,91.42857142857142
/jay-chapman/profil/spieler/189032,Canada,70,Medium,0.8860759493670886
/fousseni-diabate/profil/spieler/364861,Mali,0,Medium,0.0
/gustavo-hamer/profil/spieler/322985,Netherlands,110,Medium,6.875
/tim-rieder/profil/spieler/111277,Germany,0,Small,0.0
/samir-handanovic/profil/spieler/28021,Slovenia,6994,Small,109.28125
/juan-forlin/profil/spieler/53332,Argentina,0,No agent,0.0
/lyanco/profil/spieler/379807,Brazil,0,Small,0.0
/sebastien-de-maio/profil/spieler/56830,France,0,Small,0.0
/joe-bennett/profil/spieler/90964,England,196,Medium,49.0
/alisson/profil/spieler/105470,Brazil,3105,Small,1035.0
/fernandinho/profil/spieler/26267,Brazil,2860,No agent,953.3333333333333
/emanuel-iniguez/profil/spieler/542138,Argentina,0,No agent,0.0
/giovanni-zarfino/profil/spieler/208022,Uruguay,0,Small,0.0
/jorge-fellipe/profil/spieler/132060,Brazil,0,Small,0.0
/fedor-chalov/profil/spieler/287183,Russia,33,Big,0.717391304347826
/wallace/profil/spieler/225335,Brazil,0,Big,0.0
/mauricio-rosales/profil/spieler/251619,Argentina,0,No agent,0.0
/tom-edwards/profil/spieler/430788,England,225,Medium,56.25
/andreas-cornelius/profil/spieler/203412,Denmark,1503,Small,150.3
/zaydou-youssouf/profil/spieler/471582,France,70,Small,35.0
/nathaniel-mendez-laing/profil/spieler/125409,England,0,Small,0.0
/charlie-lakin/profil/spieler/564048,England,0,Medium,0.0
/nahuel-estevez/profil/spieler/552472,Argentina,0,No agent,0.0
/ruben-aguilar/profil/spieler/203746,France,0,No agent,0.0
/federico-valverde/profil/spieler/369081,Uruguay,514,No agent,85.66666666666666
/esteban-andrada/profil/spieler/105888,Argentina,67,Medium,6.090909090909091
/dong-won-ji/profil/spieler/164265,"Korea, South",0,Small,0.0
/stephane-sparagna/profil/spieler/289216,France,0,Small,0.0
/serginho/profil/spieler/40555,Portugal,0,No agent,0.0
/jan-philipp-kalla/profil/spieler/30985,Germany,0,Small,0.0
/yoel-barcenas/profil/spieler/283473,Panama,1965,Small,26.200000000000003
/roger-espinoza/profil/spieler/71096,Honduras,3860,Small,62.25806451612903
/senou-coulibaly/profil/spieler/596240,France,0,No agent,0.0
/nacho-monreal/profil/spieler/43003,Spain,1545,Medium,171.66666666666666
/alessandro-bastoni/profil/spieler/315853,Italy,0,Medium,0.0
/aleksandr-kokorin/profil/spieler/89086,Russia,3332,No agent,72.43478260869566
/jeremy-grimm/profil/spieler/56294,France,0,No agent,0.0
/anthony-forde/profil/spieler/146494,Ireland,0,Small,0.0
/darko-lazovic/profil/spieler/70411,Serbia,359,Medium,12.379310344827585
/vasilije-janjicic/profil/spieler/265254,Switzerland,0,Relatives,0.0
/goncalo-cardoso/profil/spieler/587106,Portugal,180,Small,25.71428571428571
/daniel-bessa/profil/spieler/140757,Italy,0,Medium,0.0
/yoell-van-nieff/profil/spieler/187301,Netherlands,45,Medium,2.8125
/luis-alberto/profil/spieler/128220,Spain,16,Medium,1.7777777777777777
/ayaz-guliev/profil/spieler/260672,Russia,1187,No agent,25.804347826086957
/aleksandr-martynovich/profil/spieler/59352,Belarus,5248,No agent,64.0
/neto/profil/spieler/291968,Brazil,0,No agent,0.0
/dax-mccarty/profil/spieler/39479,United States,516,Medium,21.5
/luther-singh/profil/spieler/387378,South Africa,45,Small,0.6081081081081081
/zeki-erkilinc/profil/spieler/387218,Netherlands,0,No agent,0.0
/emmanuel-adebayor/profil/spieler/8883,Togo,4373,Small,34.1640625
/amin-younes/profil/spieler/96167,Germany,154,Small,11.846153846153847
/pasquale-schiattarella/profil/spieler/56762,Italy,0,Small,0.0
/emiliano-insua/profil/spieler/45599,Argentina,252,Small,22.90909090909091
/daniel-baier/profil/spieler/4018,Germany,13,Small,1.0
/fabri/profil/spieler/45882,Spain,0,Medium,0.0
/jordy-de-wijs/profil/spieler/215096,Netherlands,0,Medium,0.0
/hal-robson-kanu/profil/spieler/65976,Wales,2265,No agent,119.21052631578947
/thomas-fontaine/profil/spieler/80036,Madagascar,614,Small,5.63302752293578
/joe-allen/profil/spieler/51452,Wales,3867,No agent,203.52631578947367
/sam-johnson/profil/spieler/252062,Liberia,1132,Medium,7.256410256410256
/pirmin-schwegler/profil/spieler/14533,Switzerland,828,Medium,103.5
/jony/profil/spieler/228761,Spain,0,Medium,0.0
/wendel/profil/spieler/499721,Brazil,0,Small,0.0
/claudemir/profil/spieler/68275,Brazil,0,Small,0.0
/javi-galan/profil/spieler/448628,Spain,0,Medium,0.0
/niklas-lomb/profil/spieler/85543,Germany,0,Medium,0.0
/junior-sambia/profil/spieler/335147,France,0,No agent,0.0
/andrew-taylor/profil/spieler/29158,England,716,Medium,179.0
/fede-san-emeterio/profil/spieler/307519,Spain,0,Big,0.0
/dani-calvo/profil/spieler/326416,Spain,0,No agent,0.0
/kevin-wimmer/profil/spieler/122675,Austria,445,Medium,13.088235294117647
/juan-sanchez-mino/profil/spieler/169249,Argentina,0,Medium,0.0
/gael-kakuta/profil/spieler/74297,DR Congo,0,Small,0.0
/facundo-almada/profil/spieler/639390,Argentina,0,Small,0.0
/david-mcgoldrick/profil/spieler/35416,Ireland,0,No agent,0.0
/dario-van-den-buijs/profil/spieler/235274,Belgium,0,Small,0.0
/mats-kohlert/profil/spieler/288067,Germany,135,Medium,10.384615384615385
/antonio-barreca/profil/spieler/241889,Italy,0,Medium,0.0
/andoni-gorosabel/profil/spieler/289255,Spain,0,No agent,0.0
/jules-keita/profil/spieler/402117,Guinea,0,No agent,0.0
/matthew-pennington/profil/spieler/220755,England,20,Medium,5.0
/emmanuel-ledesma/profil/spieler/62247,Argentina,0,Small,0.0
/immanuel-hohn/profil/spieler/77920,Germany,0,Medium,0.0
/federico-peluso/profil/spieler/21763,Italy,156,Medium,9.176470588235293
/sergio-pellissier/profil/spieler/5928,Italy,28,Small,1.6470588235294117
/christian-walton/profil/spieler/208379,England,90,Small,22.5
/batuhan-artarslan/profil/spieler/237481,Turkey,174,Small,4.461538461538462
/ivan-novoseltsev/profil/spieler/231873,Russia,301,No agent,6.543478260869565
/callum-paterson/profil/spieler/169555,Scotland,723,No agent,17.634146341463417
/kieran-trippier/profil/spieler/95810,England,1267,Big,316.75
/ridgeciano-haps/profil/spieler/228444,Netherlands,90,Small,5.625
/mark-duffy/profil/spieler/105565,England,0,No agent,0.0
/iago-falque/profil/spieler/59340,Spain,0,Small,0.0
/dimitri-foulquier/profil/spieler/170472,Guadeloupe,159,Medium,0.9137931034482758
/rafael/profil/spieler/61892,Brazil,98,Small,32.666666666666664
/andrea-seculin/profil/spieler/85380,Italy,313,Small,18.41176470588235
/mark-anthony-kaye/profil/spieler/343553,Canada,365,Medium,4.620253164556962
/tim-kister/profil/spieler/54767,Germany,0,No agent,0.0
/ugur-demirok/profil/spieler/44977,Turkey,124,Small,3.1794871794871793
/matias-pellegrini/profil/spieler/606267,Argentina,0,No agent,0.0
/vedad-ibisevic/profil/spieler/21175,Bosnia-Herzegovina,5259,Big,150.25714285714284
/jordan-marie/profil/spieler/231025,France,0,Medium,0.0
/eduardo-henrique/profil/spieler/216118,Brazil,0,Small,0.0
/tim-parker/profil/spieler/354737,United States,119,No agent,4.958333333333333
/yuri-zhirkov/profil/spieler/16760,Russia,6709,No agent,145.84782608695653
/achraf-hakimi/profil/spieler/398073,Morocco,1483,Small,32.955555555555556
/bouna-sarr/profil/spieler/190685,France,0,Medium,0.0
/ruben-vezo/profil/spieler/257851,Portugal,0,No agent,0.0
/naim-sliti/profil/spieler/184491,Tunisia,2106,Small,75.21428571428571
/artem-dzyuba/profil/spieler/48067,Russia,2364,Relatives,51.391304347826086
/angel-gonzalez/profil/spieler/347920,Argentina,0,Small,0.0
/mauro-junior/profil/spieler/323910,Brazil,0,No agent,0.0
/bartosz-bialkowski/profil/spieler/24496,Poland,44,No agent,2.2
/jose-antonio-reyes/profil/spieler/7717,Spain,1096,Small,121.77777777777777
/abdelhamid-sabiri/profil/spieler/340394,Germany,0,Small,0.0
/dean-henderson/profil/spieler/258919,England,720,Medium,180.0
/maikel-kieftenbeld/profil/spieler/82332,Netherlands,0,Small,0.0
/stewart-downing/profil/spieler/4063,England,1521,Small,380.25
/ivan-novoseltsev/profil/spieler/231873,Russia,301,No agent,6.543478260869565
/rasmus-thelander/profil/spieler/129092,Denmark,0,Small,0.0
/baptiste-reynet/profil/spieler/190786,France,0,No agent,0.0
/juan-muniz/profil/spieler/85357,Spain,194,Medium,21.555555555555554
/joel-lynch/profil/spieler/33070,Wales,12,Medium,0.631578947368421
/jeremy-sorbon/profil/spieler/56820,France,0,Small,0.0
/leandro-chichizola/profil/spieler/95736,Argentina,0,No agent,0.0
/luca-zander/profil/spieler/139278,Germany,150,Small,11.538461538461538
/zhi-yang/profil/spieler/63522,China,2250,No agent,29.605263157894736
/arne-feick/profil/spieler/38609,Germany,525,Small,40.38461538461539
/nelson-monte/profil/spieler/332615,Portugal,81,No agent,11.571428571428571
/aly-cissokho/profil/spieler/57515,France,90,Small,45.0
/dennis-praet/profil/spieler/129588,Belgium,59,Small,59.0
/youssouf-sabaly/profil/spieler/135492,Senegal,974,Small,42.34782608695652
/taha-yalciner/profil/spieler/51938,Turkey,0,No agent,0.0
/dmitri-poloz/profil/spieler/98539,Russia,725,No agent,15.76086956521739
/barrie-mckay/profil/spieler/208934,Scotland,6,No agent,0.14634146341463417
/mickael-alphonse/profil/spieler/172153,Guadeloupe,270,Small,1.5517241379310345
/abdoulaye-diallo/profil/spieler/415271,Senegal,0,No agent,0.0
/adama-diomande/profil/spieler/93145,Norway,567,Small,11.34
/dan-crowley/profil/spieler/223225,England,0,Medium,0.0
/adrian-semper/profil/spieler/317057,Croatia,0,Medium,0.0
/leander-dendoncker/profil/spieler/168157,Belgium,451,Medium,451.0
/florent-muslija/profil/spieler/337036,Germany,226,Small,17.384615384615387
/cristian-romero/profil/spieler/355915,Argentina,0,Small,0.0
/sammy-ameobi/profil/spieler/92381,England,212,Medium,53.0
/joshua-king/profil/spieler/91059,Norway,2406,Small,48.120000000000005
/marcio-mossoro/profil/spieler/45596,Brazil,0,Small,0.0
/ronaldo-vieira/profil/spieler/434676,England,0,Big,0.0
/carlos-fernandez/profil/spieler/216464,Spain,26,Relatives,2.888888888888889
/patrick-twumasi/profil/spieler/188651,Ghana,88,No agent,1.7959183673469385
/gia-grigalava/profil/spieler/52089,Georgia,1843,Small,19.4
/ryan-shawcross/profil/spieler/45861,England,16,No agent,4.0
/mossa/profil/spieler/96094,Spain,0,Big,0.0
/paxton-pomykal/profil/spieler/455978,United States,613,Medium,25.541666666666664
/granit-xhaka/profil/spieler/111455,Switzerland,6241,Small,780.125
/goncalo-guedes/profil/spieler/225122,Portugal,771,Big,110.14285714285714
/agustin-verdugo/profil/spieler/528270,Argentina,0,Small,0.0
/thiago-silva/profil/spieler/29241,Brazil,6391,Small,2130.333333333333
/seth-sinovic/profil/spieler/144959,United States,0,No agent,0.0
/henry-wingo/profil/spieler/378478,United States,0,Small,0.0
/alberto-benito/profil/spieler/263748,Spain,0,Medium,0.0
/kei-kamara/profil/spieler/39049,Sierra Leone,2178,Small,18.615384615384617
/egor-sorokin/profil/spieler/288721,Russia,3,No agent,0.06521739130434782
/sam-mcqueen/profil/spieler/226968,England,90,No agent,22.5
/stefan-mitrovic/profil/spieler/143029,Serbia,949,No agent,32.724137931034484
/evan-bush/profil/spieler/148916,United States,0,Small,0.0
/paulinho/profil/spieler/211072,Portugal,0,Medium,0.0
/nicolas-de-la-cruz/profil/spieler/397458,Uruguay,0,Relatives,0.0
/jordan-hamilton/profil/spieler/294707,Canada,6,Small,0.0759493670886076
/tyrell-malacia/profil/spieler/339340,Netherlands,90,Big,5.625
/denis-terentjev/profil/spieler/144583,Russia,0,Small,0.0
/kevin-bonifazi/profil/spieler/247377,Italy,321,Medium,18.88235294117647
/frederik-ronnow/profil/spieler/107775,Denmark,630,Medium,63.0
/russell-teibert/profil/spieler/103627,Canada,1091,Medium,13.81012658227848
/fernando-barrientos/profil/spieler/154292,Argentina,0,No agent,0.0
/santiago-patino/profil/spieler/644780,United States,0,Medium,0.0
/franco-di-santo/profil/spieler/59783,Argentina,48,Small,4.363636363636363
/lucas-torro/profil/spieler/213670,Spain,0,Medium,0.0
/steven-bergwijn/profil/spieler/284165,Netherlands,305,Medium,19.0625
/jires-kembo-ekoko/profil/spieler/40446,France,0,Small,0.0
/vanja-vucicevic/profil/spieler/423612,Serbia,0,Small,0.0
/lucas-chaves/profil/spieler/360791,Argentina,0,No agent,0.0
/alan-schons/profil/spieler/378866,Brazil,0,Medium,0.0
/ricardo-esgaio/profil/spieler/139395,Portugal,1516,Small,216.57142857142856
/martin-dubravka/profil/spieler/74960,Slovakia,1484,Small,46.375
/vincent-kompany/profil/spieler/9594,Belgium,7068,Small,7068.0
/abdullahi-shehu/profil/spieler/262687,Nigeria,1726,Small,40.13953488372093
/konstantinos-mavropanos/profil/spieler/415912,Greece,0,Small,0.0
/chico-geraldes/profil/spieler/257456,Portugal,123,Small,17.57142857142857
/todd-kane/profil/spieler/154287,England,0,Medium,0.0
/fedor-kudryashov/profil/spieler/48634,Russia,2191,No agent,47.630434782608695
/mert-hakan-yandas/profil/spieler/306462,Turkey,0,Small,0.0
/jose-izquierdo/profil/spieler/147094,Colombia,173,Medium,14.416666666666666
/memphis-depay/profil/spieler/167850,Netherlands,3178,Big,198.625
/ander-iturraspe/profil/spieler/71571,Spain,134,Small,14.888888888888888
/dennis-hadzikadunic/profil/spieler/322065,Sweden,0,Small,0.0
/christian-atsu/profil/spieler/186997,Ghana,4005,Small,81.73469387755101
/kevin-mirallas/profil/spieler/33639,Belgium,2815,Small,2815.0
/angelo-fulgini/profil/spieler/250013,France,61,Small,30.5
/adam-marusic/profil/spieler/239802,Montenegro,2197,Small,41.45283018867924
/rodrigo-becao/profil/spieler/410158,Brazil,0,No agent,0.0
/patrik-sigurdur-gunnarsson/profil/spieler/429563,Iceland,0,Medium,0.0
/mattias-bjarsmyr/profil/spieler/30386,Sweden,270,Medium,19.285714285714285
/stefan-radu/profil/spieler/44420,Romania,616,Small,24.64
/evgeni-kharin/profil/spieler/193464,Russia,0,No agent,0.0
/edwar-lopez/profil/spieler/572077,Colombia,0,Small,0.0
/edu-campabadal/profil/spieler/126722,Spain,0,Small,0.0
/konstantin-pliev/profil/spieler/394400,Russia,0,No agent,0.0
/richard-smallwood/profil/spieler/158713,England,0,Medium,0.0
/jordy-clasie/profil/spieler/104223,Netherlands,937,Medium,58.5625
/adama-traore/profil/spieler/204103,Spain,0,Big,0.0
/serge-aurier/profil/spieler/127032,Cote d'Ivoire,0,Medium,0.0
/hector-bellerin/profil/spieler/191217,Spain,224,Small,24.888888888888886
/andres-lioi/profil/spieler/563336,Argentina,0,Small,0.0
/jan-arie-van-der-heijden/profil/spieler/45538,Netherlands,49,Medium,3.0625
/mahmut-tekdemir/profil/spieler/54177,Turkey,714,Medium,18.307692307692307
/almamy-toure/profil/spieler/216181,France,0,No agent,0.0
/jack-lankester/profil/spieler/602544,England,0,No agent,0.0
/bressan/profil/spieler/256453,Brazil,0,No agent,0.0
/brandt-bronico/profil/spieler/271183,United States,0,No agent,0.0
/andres-renteria/profil/spieler/233007,Colombia,40,Small,3.333333333333333
/erik-durm/profil/spieler/93922,Germany,607,Small,46.69230769230769
/maciej-rybus/profil/spieler/59597,Poland,3360,Small,168.0
/kevin-stewart/profil/spieler/200782,England,0,No agent,0.0
/olamide-shodipo/profil/spieler/401268,Ireland,0,Small,0.0
/daniel-steininger/profil/spieler/195720,Germany,1,Big,0.07692307692307693
/georgi-schennikov/profil/spieler/70097,Russia,586,Medium,12.739130434782608
/ben-wiles/profil/spieler/542471,England,0,Medium,0.0
/bruno-fernandes/profil/spieler/240306,Portugal,449,Small,64.14285714285714
/kelyn-rowe/profil/spieler/183118,United States,237,No agent,9.875
/luca-siligardi/profil/spieler/86079,Italy,0,Small,0.0
/alexander-rossipal/profil/spieler/296188,Germany,180,Medium,13.846153846153847
/jubal/profil/spieler/149928,Brazil,0,Medium,0.0
/vukasin-jovanovic/profil/spieler/264140,Serbia,0,Relatives,0.0
/david-atanga/profil/spieler/254284,Ghana,0,Small,0.0
/davinson-sanchez/profil/spieler/341429,Colombia,1676,Small,139.66666666666666
/daan-klomp/profil/spieler/400671,Netherlands,0,Small,0.0
/rodrigo-arciero/profil/spieler/322649,Argentina,0,No agent,0.0
/mauricio-pereyra/profil/spieler/102452,Uruguay,0,Relatives,0.0
/johannes-flum/profil/spieler/38415,Germany,99,Medium,7.615384615384616
/josh-tymon/profil/spieler/419929,England,422,Small,105.5
/ali-adnan/profil/spieler/261611,Iraq,3028,Big,39.324675324675326
/kwadwo-asamoah/profil/spieler/63531,Ghana,5141,Medium,104.91836734693877
/lukas-frode/profil/spieler/153628,Germany,0,Medium,0.0
/matthias-verreth/profil/spieler/292817,Belgium,0,Small,0.0
/tom-barlow/profil/spieler/509916,United States,0,Medium,0.0
/mauricio-toni/profil/spieler/540299,Argentina,0,No agent,0.0
/waldemar-sobota/profil/spieler/110852,Poland,1014,Small,50.7
/ilya-abaev/profil/spieler/15569,Russia,45,Medium,0.9782608695652174
/adam-armstrong/profil/spieler/250426,England,302,Big,75.5
/michael-frey/profil/spieler/147043,Switzerland,0,Small,0.0
/enzo-loiodice/profil/spieler/581781,France,149,Small,74.5
/gael-clichy/profil/spieler/7449,France,1673,Small,836.5
/jackson-irvine/profil/spieler/192557,Australia,1310,Big,31.19047619047619
/joao-lopes/profil/spieler/547553,Brazil,0,No agent,0.0
/bram-nuytinck/profil/spieler/104597,Netherlands,0,Medium,0.0
/tin-jedvaj/profil/spieler/206386,Croatia,1268,Medium,253.60000000000002
/claudio-spinelli/profil/spieler/504882,Argentina,0,No agent,0.0
/carraca/profil/spieler/291941,Portugal,0,Small,0.0
/kikas/profil/spieler/383807,Portugal,0,Small,0.0
/atakan-akkaynak/profil/spieler/327542,Germany,0,Medium,0.0
/luca-zidane/profil/spieler/283489,France,0,Small,0.0
/dario-melnjak/profil/spieler/238500,Croatia,0,Small,0.0
/james-mcclean/profil/spieler/85935,Ireland,0,Small,0.0
/joaquin-correa/profil/spieler/227081,Argentina,89,Medium,8.090909090909092
/ruben-rochina/profil/spieler/67548,Spain,290,Small,32.22222222222222
/benjamin-pavard/profil/spieler/353366,France,1533,Small,766.5
/thomas-bruns/profil/spieler/172202,Netherlands,96,Big,6.0
/chadrac-akolo/profil/spieler/247459,DR Congo,0,Big,0.0
/chris-mepham/profil/spieler/480987,Wales,380,Medium,20.0
/papy-djilobodji/profil/spieler/136610,Senegal,1169,No agent,50.826086956521735
/michael-de-leeuw/profil/spieler/110906,Netherlands,0,Small,0.0
/gonzalo-asis/profil/spieler/549958,Argentina,0,No agent,0.0
/borja-valle/profil/spieler/176067,Spain,0,Small,0.0
/felix-platte/profil/spieler/195782,Germany,220,Big,16.923076923076923
/pol-llonch/profil/spieler/205276,Spain,0,Small,0.0
/callum-elder/profil/spieler/271997,Australia,0,Medium,0.0
/abel-hernandez/profil/spieler/76608,Uruguay,937,Medium,156.16666666666666
/joao-novais/profil/spieler/228940,Portugal,0,Small,0.0
/charles/profil/spieler/16335,Brazil,0,Medium,0.0
/jozabed-sanchez/profil/spieler/207924,Spain,0,Big,0.0
/marcelo/profil/spieler/190185,Brazil,0,Small,0.0
/lionel-carole/profil/spieler/11530,France,240,Relatives,120.0
/fabio-pacheco/profil/spieler/111200,Portugal,0,Small,0.0
/sebastian-rode/profil/spieler/44466,Germany,489,Medium,37.61538461538462
/fredy-montero/profil/spieler/73852,Colombia,100,Small,8.333333333333332
/francesco-magnanelli/profil/spieler/7093,Italy,0,Medium,0.0
/pablo-fornals/profil/spieler/357885,Spain,33,Medium,3.6666666666666665
/miiko-albornoz/profil/spieler/75852,Chile,800,Small,53.333333333333336
/tim-van-de-berg/profil/spieler/447827,Netherlands,0,No agent,0.0
/maximilian-bauer/profil/spieler/388363,Germany,173,Small,13.307692307692308
/ryan-williams/profil/spieler/192239,Australia,0,No agent,0.0
/caner-cavlan/profil/spieler/136550,Netherlands,0,Small,0.0
/gonzalo-maroni/profil/spieler/441385,Argentina,711,No agent,64.63636363636364
/zeki-yavru/profil/spieler/98131,Turkey,154,No agent,3.9487179487179485
/johannes-van-den-bergh/profil/spieler/31218,Germany,0,Medium,0.0
/nicolas-linares/profil/spieler/534616,Argentina,0,No agent,0.0
/roberto-piccoli/profil/spieler/432092,Italy,402,No agent,23.647058823529413
/jimmy-briand/profil/spieler/18909,France,53,No agent,26.5
/sory-kaba/profil/spieler/355689,Guinea,202,Small,2.8857142857142857
/justen-glad/profil/spieler/334597,United States,0,No agent,0.0
/semi-ajayi/profil/spieler/251912,Nigeria,146,Small,3.395348837209302
/kike-marquez/profil/spieler/101733,Spain,0,Medium,0.0
/james-chester/profil/spieler/73482,Wales,3003,No agent,158.05263157894737
/ben-alnwick/profil/spieler/27036,England,0,Medium,0.0
/hassane-kamara/profil/spieler/290017,France,0,No agent,0.0
/joe-mattock/profil/spieler/49611,England,270,No agent,67.5
/emil-krafth/profil/spieler/184528,Sweden,1301,Medium,92.92857142857142
/cyrus-christie/profil/spieler/158623,Ireland,0,Small,0.0
/carlos-pita/profil/spieler/34566,Spain,0,No agent,0.0
/nicolas-schiappacasse/profil/spieler/345473,Uruguay,0,Small,0.0
/tolgay-arslan/profil/spieler/53536,Germany,0,Medium,0.0
/tobias-reithmeir/profil/spieler/420298,Germany,0,Medium,0.0
/sean-klaiber/profil/spieler/268113,Netherlands,245,Small,15.3125
/jannik-pohl/profil/spieler/288432,Denmark,0,Medium,0.0
/gaston-campi/profil/spieler/292174,Argentina,0,No agent,0.0
/jasmin-kurtic/profil/spieler/85825,Slovenia,3992,Small,62.375
/matheus-reis/profil/spieler/379249,Brazil,0,Small,0.0
/federico-mattiello/profil/spieler/200194,Italy,269,Medium,15.823529411764707
/miles-robinson/profil/spieler/468022,United States,119,No agent,4.958333333333333
/jose-luis-palomino/profil/spieler/125020,Argentina,0,Medium,0.0
/nathaniel-clyne/profil/spieler/85177,England,1050,No agent,262.5
/francesco-acerbi/profil/spieler/131075,Italy,188,No agent,11.058823529411764
/tim-chow/profil/spieler/196693,Chinese Taipei (Taiwan),90,Small,0.5172413793103449
/cole-skuse/profil/spieler/48094,England,0,No agent,0.0
/daniel-lasure/profil/spieler/336736,Spain,0,No agent,0.0
/sergi-palencia/profil/spieler/268176,Spain,0,Medium,0.0
/kevin-vazquez/profil/spieler/221315,Spain,0,Small,0.0
/raphael-framberger/profil/spieler/146163,Germany,41,Medium,3.153846153846154
/anton-belov/profil/spieler/425746,Russia,0,No agent,0.0
/nelson-semedo/profil/spieler/231572,Portugal,552,Big,78.85714285714285
/andre-zambo-anguissa/profil/spieler/354361,Cameroon,1219,No agent,22.574074074074073
/marc-aurele-caillard/profil/spieler/205465,France,0,No agent,0.0
/arturo-vidal/profil/spieler/37666,Chile,8353,Small,556.8666666666667
/luciano-abecasis/profil/spieler/149435,Argentina,0,Medium,0.0
/alexis-maldonado/profil/spieler/444100,Argentina,0,Small,0.0
/filip-kusic/profil/spieler/217285,Serbia,0,Big,0.0
/laurent-depoitre/profil/spieler/90583,Belgium,90,Small,90.0
/michel-vorm/profil/spieler/26276,Netherlands,1124,Medium,70.25
/theodor-gebre-selassie/profil/spieler/60632,Czech Republic,3928,No agent,81.83333333333333
/vladimir-poluyakhtov/profil/spieler/58429,Russia,0,No agent,0.0
/oussama-tannane/profil/spieler/235540,Morocco,532,Small,11.822222222222223
/dusan-vlahovic/profil/spieler/357498,Serbia,0,Small,0.0
/diego-lainez/profil/spieler/371174,Mexico,152,Small,8.444444444444445
/thomas-amilivia/profil/spieler/639767,Argentina,0,No agent,0.0
/stefan-posch/profil/spieler/223974,Austria,0,Big,0.0
/agustin-allione/profil/spieler/189411,Argentina,0,No agent,0.0
/romain-metanire/profil/spieler/154209,Madagascar,360,Medium,3.302752293577982
/nahitan-nandez/profil/spieler/315063,Uruguay,1209,Medium,201.5
/jake-livermore/profil/spieler/61832,England,460,No agent,115.0
/paolo-goltz/profil/spieler/55183,Argentina,70,No agent,6.363636363636364
/aleksandar-katai/profil/spieler/139915,Serbia,196,Medium,6.758620689655173
/oumar-niasse/profil/spieler/209781,Senegal,190,Relatives,8.26086956521739
/aymen-barkok/profil/spieler/315332,Germany,27,Big,2.076923076923077
/filip-djuricic/profil/spieler/94307,Serbia,1320,Big,45.51724137931034
/klaus-gjasula/profil/spieler/57598,Albania,0,Medium,0.0
/benjamin-mendy/profil/spieler/157495,France,494,Medium,247.0
/luciano-slagveer/profil/spieler/187298,Netherlands,55,Medium,3.4375
/marc-muniesa/profil/spieler/74228,Spain,580,Medium,64.44444444444444
/lechii-sadulaev/profil/spieler/623553,Russia,0,No agent,0.0
/kenedy/profil/spieler/281404,Brazil,0,No agent,0.0
/melvyn-lorenzen/profil/spieler/143121,Uganda,0,No agent,0.0
/manu-garcia/profil/spieler/76273,Spain,0,Small,0.0
/leon-musaev/profil/spieler/375668,Russia,45,Small,0.9782608695652174
/denis-glushakov/profil/spieler/55336,Russia,3683,Medium,80.06521739130434
/tiago-mesquita/profil/spieler/130622,Portugal,45,No agent,6.428571428571428
/murat-yildirim/profil/spieler/35530,Turkey,0,No agent,0.0
/jose-valencia/profil/spieler/119183,Colombia,0,Small,0.0
/filippo-costa/profil/spieler/197743,Italy,253,Small,14.882352941176471
/marcel-schmelzer/profil/spieler/35208,Germany,1271,Big,97.76923076923077
/jean-kevin-augustin/profil/spieler/264956,France,0,No agent,0.0
/cheikh-mbengue/profil/spieler/56795,Senegal,2061,Small,89.6086956521739
/jonathan-sandoval/profil/spieler/74268,Uruguay,0,No agent,0.0
/luciano-vietto/profil/spieler/214316,Argentina,0,Medium,0.0
/ivan-radovanovic/profil/spieler/46105,Serbia,551,No agent,19.0
/nicklas-pedersen/profil/spieler/44588,Denmark,659,Medium,65.9
/alfie-mawson/profil/spieler/287431,England,0,Medium,0.0
/enzo-kalinski/profil/spieler/67818,Argentina,0,Medium,0.0
/reece-burke/profil/spieler/264220,England,240,Medium,60.0
/yuri-nesterenko/profil/spieler/147072,Russia,0,No agent,0.0
/daniel-bentley/profil/spieler/136401,England,0,Small,0.0
/manuel-fernandes/profil/spieler/16791,Portugal,790,Small,112.85714285714285
/federico-marchetti/profil/spieler/22318,Italy,844,Small,49.64705882352941
/willian-jose/profil/spieler/122155,Brazil,0,Medium,0.0
/elias-gomez/profil/spieler/302139,Argentina,0,No agent,0.0
/manu-barreiro/profil/spieler/72484,Spain,0,No agent,0.0
/oliver-norwood/profil/spieler/73547,Northern Ireland,4582,Medium,138.84848484848484
/eric-alexander/profil/spieler/146031,United States,16,Medium,0.6666666666666666
/mevlut-erdinc/profil/spieler/38360,Turkey,1593,Small,40.84615384615385
/takashi-usami/profil/spieler/111881,Japan,1098,Small,42.23076923076923
/lucas-woudenberg/profil/spieler/221766,Netherlands,90,Medium,5.625
/jonas-knudsen/profil/spieler/144904,Denmark,471,Medium,47.1
/caleb-stanko/profil/spieler/190269,United States,17,Medium,0.7083333333333333
/ponck/profil/spieler/341516,Cape Verde,1080,Small,13.846153846153845
/dairon-asprilla/profil/spieler/260381,Colombia,0,No agent,0.0
/lucas-moura/profil/spieler/77100,Brazil,1087,Small,362.3333333333333
/andrew-surman/profil/spieler/29975,England,89,Medium,22.25
/robin-koch/profil/spieler/328784,Germany,197,Small,15.153846153846155
/viktor-vasin/profil/spieler/60134,Russia,1078,Small,23.434782608695652
/lucas-melano/profil/spieler/220753,Argentina,0,Small,0.0
/grzegorz-krychowiak/profil/spieler/45184,Poland,5057,Big,252.85000000000002
/iago-herrerin/profil/spieler/71570,Spain,0,No agent,0.0
/mikhail-lysov/profil/spieler/289590,Russia,666,Medium,14.478260869565217
/ben-thompson/profil/spieler/337062,England,0,No agent,0.0
/joe-bryan/profil/spieler/194460,England,0,Big,0.0
/brian-rowe/profil/spieler/213545,United States,0,Medium,0.0
/matt-crooks/profil/spieler/169416,England,0,Medium,0.0
/omer-sismanoglu/profil/spieler/50774,Turkey,181,No agent,4.6410256410256405
/kirill-panchenko/profil/spieler/106675,Russia,9,Relatives,0.19565217391304346
/delano-van-crooij/profil/spieler/159143,Netherlands,0,Medium,0.0
/hilal-ben-moussa/profil/spieler/223405,Netherlands,0,Relatives,0.0
/tyler-adams/profil/spieler/332705,United States,838,Medium,34.916666666666664
/henk-veerman/profil/spieler/271743,Netherlands,0,Medium,0.0
/hakan-ozmert/profil/spieler/17465,Turkey,0,Small,0.0
/eric-remedi/profil/spieler/362364,Argentina,0,Small,0.0
/anibal-godoy/profil/spieler/161671,Panama,6479,Small,86.38666666666667
/alper-potuk/profil/spieler/99186,Turkey,530,No agent,13.58974358974359
/christian-martinez/profil/spieler/419247,Panama,236,Small,3.146666666666667
/mikhail-levashov/profil/spieler/148028,Russia,0,Medium,0.0
/washington-camacho/profil/spieler/76490,Uruguay,0,No agent,0.0
/yvon-mvogo/profil/spieler/147051,Switzerland,180,No agent,22.5
/rafael-crivellaro/profil/spieler/145692,Brazil,0,No agent,0.0
/christopher-handke/profil/spieler/57704,Germany,0,Small,0.0
/jamilu-collins/profil/spieler/254934,Nigeria,540,Small,12.55813953488372
/florian-baak/profil/spieler/296345,Germany,180,Small,13.846153846153847
/alex-tayo-akande/profil/spieler/209778,Hongkong,0,Small,0.0
/aytac-kara/profil/spieler/159908,Turkey,45,Medium,1.1538461538461537
/ozer-hurmaci/profil/spieler/45004,Turkey,135,Relatives,3.4615384615384612
/malcom/profil/spieler/323704,Brazil,0,Small,0.0
/brad-smith/profil/spieler/175745,Australia,1180,Medium,28.095238095238095
/saad-abdul-salaam/profil/spieler/270532,United States,0,No agent,0.0
/ibrahima-cisse/profil/spieler/160380,Guinea,111,Relatives,1.5857142857142856
/gavin-massey/profil/spieler/148258,England,0,Small,0.0
/konrad-laimer/profil/spieler/223967,Austria,0,Big,0.0
/aleksey-gritsaenko/profil/spieler/379634,Russia,0,No agent,0.0
/artem-golubev/profil/spieler/375663,Russia,135,No agent,2.934782608695652
/jack-price/profil/spieler/129062,England,0,Medium,0.0
/michael-ihiekwe/profil/spieler/145923,England,0,Medium,0.0
/adrian-dalmau/profil/spieler/288228,Spain,0,Small,0.0
/matias-vecino/profil/spieler/143812,Uruguay,2593,Medium,432.16666666666663
/enis-bardhi/profil/spieler/245014,North Macedonia,1355,No agent,19.63768115942029
/chechu-dorado/profil/spieler/70898,Spain,0,Medium,0.0
/mikel-merino/profil/spieler/338424,Spain,1195,Medium,132.77777777777777
/johannes-wurtz/profil/spieler/93926,Germany,240,Big,18.461538461538463
/sebastian-villa/profil/spieler/493000,Colombia,147,Medium,12.25
/michael-ratajczak/profil/spieler/1257,Germany,0,Small,0.0
/mbilla-etame/profil/spieler/78798,Cameroon,0,Small,0.0
/josh-vela/profil/spieler/173804,England,0,Medium,0.0
/vladislav-ignatjev/profil/spieler/51897,Russia,160,No agent,3.4782608695652173
/makhete-diop/profil/spieler/124757,Senegal,0,No agent,0.0
/leandro-sapetti/profil/spieler/149486,Argentina,0,No agent,0.0
/ferhat-oztorun/profil/spieler/37839,Turkey,90,Medium,2.3076923076923075
/santi-mina/profil/spieler/255653,Spain,162,Small,18.0
/calvin-verdonk/profil/spieler/258364,Netherlands,90,Medium,5.625
/hassani-dotson/profil/spieler/636081,United States,0,No agent,0.0
/mike-te-wierik/profil/spieler/155806,Netherlands,312,Small,19.5
/victor-cabrera/profil/spieler/353463,Argentina,0,No agent,0.0
/matteo-scozzarella/profil/spieler/85208,Italy,0,Small,0.0
/ryan-bennett/profil/spieler/67252,England,180,Medium,45.0
/mads-bech-sorensen/profil/spieler/372240,Denmark,0,Medium,0.0
/oliver-baumann/profil/spieler/55089,Germany,764,Medium,58.769230769230774
/ogenyi-onazi/profil/spieler/131709,Nigeria,3892,Small,90.51162790697674
/baptiste-santamaria/profil/spieler/285323,France,90,No agent,45.0
/fede-vico/profil/spieler/162079,Spain,0,Big,0.0
/joao-camacho/profil/spieler/268732,Portugal,0,Small,0.0
/arkadiusz-milik/profil/spieler/191891,Poland,3179,Small,158.95000000000002
/joao-palhinha/profil/spieler/257455,Portugal,62,Big,8.857142857142856
/karl-toko-ekambi/profil/spieler/315110,Cameroon,1042,Medium,19.296296296296294
/bilal-kisa/profil/spieler/7444,Turkey,390,Small,10.0
/rudy-gestede/profil/spieler/39908,Benin,698,Medium,7.58695652173913
/lucas-olaza/profil/spieler/216240,Uruguay,0,Small,0.0
/vitor-bruno/profil/spieler/130635,Portugal,0,Medium,0.0
/otavio/profil/spieler/312314,Brazil,0,Small,0.0
/cristian-borja/profil/spieler/356099,Colombia,270,Medium,22.5
/ollie-watkins/profil/spieler/324358,England,0,Small,0.0
/leandro-paredes/profil/spieler/166237,Argentina,620,Medium,56.36363636363637
/duvan-vergara/profil/spieler/413658,Colombia,0,Small,0.0
/dmitri-kombarov/profil/spieler/38782,Russia,3402,Medium,73.95652173913044
/fernando-monetti/profil/spieler/69815,Argentina,0,Small,0.0
/carlos-pomares/profil/spieler/238872,Spain,0,Small,0.0
/bastos/profil/spieler/195810,Angola,2708,Small,21.838709677419356
/daniel-carvajal/profil/spieler/138927,Spain,1728,Medium,192.0
/abduhamit-abdugheni/profil/spieler/449191,China,156,No agent,2.052631578947368
/ceyhun-gulselam/profil/spieler/37216,Turkey,325,Small,8.333333333333334
/lorenzo-de-silvestri/profil/spieler/33571,Italy,327,Small,19.235294117647058
/kevin-muller/profil/spieler/43824,Germany,412,Medium,31.692307692307693
/facundo-roncaglia/profil/spieler/61546,Argentina,943,Medium,85.72727272727273
/dominic-calvert-lewin/profil/spieler/306024,England,707,Medium,176.75
/remi-matthews/profil/spieler/196722,England,0,Medium,0.0
/nayef-aguerd/profil/spieler/361914,Morocco,186,Small,4.133333333333334
/billy-jones/profil/spieler/36866,England,0,No agent,0.0
/wilfried-kanga/profil/spieler/395523,France,0,No agent,0.0
/filipe-melo/profil/spieler/134580,Portugal,0,No agent,0.0
/mike-maignan/profil/spieler/182906,France,450,Small,225.0
/nicky-beloko/profil/spieler/382774,Switzerland,0,Small,0.0
/riccardo-meggiorini/profil/spieler/28936,Italy,0,Small,0.0
/karim-benzema/profil/spieler/18922,France,5129,Small,2564.5
/emmanuel-mas/profil/spieler/77153,Argentina,649,Medium,59.0
/damian-szymanski/profil/spieler/259881,Poland,96,Small,4.800000000000001
/diego-mercado/profil/spieler/556049,Argentina,0,No agent,0.0
/bernardo/profil/spieler/364258,Brazil,0,No agent,0.0
/emanuel-taffertshofer/profil/spieler/196785,Germany,0,Medium,0.0
/mathias-jensen/profil/spieler/319859,Denmark,0,Small,0.0
/edin-visca/profil/spieler/109217,Bosnia-Herzegovina,2728,Small,77.94285714285714
/ramon-azeez/profil/spieler/131667,Nigeria,237,Small,5.511627906976744
/cris/profil/spieler/24946,Portugal,0,Medium,0.0
/luke-steele/profil/spieler/3539,England,0,Small,0.0
/niklas-moisander/profil/spieler/5017,Finland,5125,Small,84.01639344262296
/abdoulay-diaby/profil/spieler/148396,Mali,1206,Big,18.272727272727273
/dmitri-stotskiy/profil/spieler/124700,Russia,10,Small,0.21739130434782608
/mats-hummels/profil/spieler/39728,Germany,5870,Small,451.53846153846155
/wesley-hoolahan/profil/spieler/24589,Ireland,0,Small,0.0
/michael-breij/profil/spieler/258511,Netherlands,95,No agent,5.9375
/matias-romero/profil/spieler/605721,Argentina,0,Small,0.0
/mike-havekotte/profil/spieler/206743,Netherlands,180,No agent,11.25
/abdon-prats/profil/spieler/177452,Spain,0,Small,0.0
/nejc-skubic/profil/spieler/91434,Slovenia,1241,Small,19.390625
/jordan-harvey/profil/spieler/39354,United States,6,Medium,0.25
/thomas-monconduit/profil/spieler/127182,France,0,Small,0.0
/nordi-mukiele/profil/spieler/348026,France,0,Medium,0.0
/jeremiah-gutjahr/profil/spieler/402838,United States,212,No agent,8.833333333333332
/pol-lirola/profil/spieler/298975,Spain,0,Small,0.0
/bekim-balaj/profil/spieler/99137,Albania,1470,Small,23.333333333333332
/diego-demme/profil/spieler/82070,Germany,14,Small,1.076923076923077
/edgar-prib/profil/spieler/60028,Germany,0,Big,0.0
/toni-kroos/profil/spieler/31909,Germany,7059,Medium,543.0
/wilfrid-kaptoum/profil/spieler/256120,Cameroon,0,Medium,0.0
/alhassane-keita/profil/spieler/197734,Guinea,0,Small,0.0
/sokratis/profil/spieler/34322,Greece,7006,Small,159.22727272727272
/radosav-petrovic/profil/spieler/75296,Serbia,1938,Small,66.82758620689656
/kevin-mac-allister/profil/spieler/428920,Argentina,0,Medium,0.0
/tim-skarke/profil/spieler/287920,Germany,63,Medium,4.846153846153847
/fernando-godoy/profil/spieler/130452,Argentina,0,Small,0.0
/ismail-koybasi/profil/spieler/74641,Turkey,1609,Small,41.256410256410255
/ola-kamara/profil/spieler/62067,Norway,752,Small,15.040000000000001
/george-byers/profil/spieler/240083,Scotland,0,No agent,0.0
/roland-sallai/profil/spieler/332798,Hungary,576,Big,11.294117647058822
/tyrone-mears/profil/spieler/14050,England,90,Small,22.5
/victor-laguardia/profil/spieler/67080,Spain,180,Medium,20.0
/alexander-gonzalez/profil/spieler/147562,Venezuela,2937,Small,97.9
/serkan-kirintili/profil/spieler/16058,Turkey,360,Small,9.23076923076923
/emiliano-moretti/profil/spieler/5755,Italy,108,Small,6.352941176470588
/chung-yong-lee/profil/spieler/81801,"Korea, South",0,Small,0.0
/daniel-butterworth/profil/spieler/478637,England,0,Big,0.0
/shamit-shome/profil/spieler/423445,Canada,0,Small,0.0
/michael-barrios/profil/spieler/313286,Colombia,0,Small,0.0
/jimmy-durmaz/profil/spieler/80205,Sweden,2339,Small,167.07142857142856
/vedat-muriqi/profil/spieler/256267,Kosovo,1102,Small,8.542635658914728
/santiago-mosquera/profil/spieler/490621,Colombia,0,Small,0.0
/raheem-sterling/profil/spieler/134425,England,3325,Small,831.25
/bjorn-engels/profil/spieler/193469,Belgium,0,Small,0.0
/vyacheslav-podberezkin/profil/spieler/207528,Russia,45,Medium,0.9782608695652174
/senad-lulic/profil/spieler/61449,Bosnia-Herzegovina,4564,No agent,130.4
/jimmy-maurer/profil/spieler/183337,United States,0,Small,0.0
/jalil-elias/profil/spieler/376859,Argentina,0,Small,0.0
/joaquin-varela/profil/spieler/553421,Argentina,0,No agent,0.0
/nicolo-zaniolo/profil/spieler/392085,Italy,38,Small,2.235294117647059
/marcelo-mino/profil/spieler/508135,Argentina,90,No agent,8.181818181818182
/roy-beerens/profil/spieler/25427,Netherlands,34,Small,2.125
/giannelli-imbula/profil/spieler/130756,France,0,No agent,0.0
/danil-stepanov/profil/spieler/456182,Russia,631,No agent,13.717391304347826
/marcelo-saracchi/profil/spieler/373916,Uruguay,154,Small,25.666666666666664
/ryo-miyaichi/profil/spieler/129688,Japan,28,Small,1.076923076923077
/patrik-schick/profil/spieler/242086,Czech Republic,935,Small,19.479166666666664
/pierluigi-gollini/profil/spieler/244192,Italy,0,Medium,0.0
/federico-fazio/profil/spieler/45314,Argentina,674,Small,61.27272727272727
/jay-roy-grot/profil/spieler/360517,Netherlands,28,Medium,1.75
/matias-kranevitter/profil/spieler/240900,Argentina,619,Small,56.27272727272727
/andres-ponce/profil/spieler/308256,Venezuela,258,Medium,8.6
/denis-odoi/profil/spieler/59641,Belgium,90,Small,90.0
/manuel-lazzari/profil/spieler/331401,Italy,90,Small,5.294117647058823
/darren-potter/profil/spieler/22231,Ireland,0,Medium,0.0
/rurik-gislason/profil/spieler/15961,Iceland,2904,Medium,72.60000000000001
/james-igbekeme/profil/spieler/375849,Nigeria,0,Relatives,0.0
/erik-lamela/profil/spieler/111630,Argentina,953,Medium,86.63636363636364
/pascal-testroet/profil/spieler/53521,Germany,216,Big,16.615384615384617
/lorenzo-melgarejo/profil/spieler/127822,Paraguay,80,Small,2.2222222222222223
/gaston-pereiro/profil/spieler/264116,Uruguay,449,No agent,74.83333333333333
/florian-carstens/profil/spieler/334543,Germany,0,Small,0.0
/roman-martinez/profil/spieler/53134,Argentina,0,No agent,0.0
/alex-lopez/profil/spieler/166674,Spain,0,Small,0.0
/tomas-cardona/profil/spieler/422700,Argentina,0,No agent,0.0
/georgi-melkadze/profil/spieler/281552,Russia,1091,Small,23.717391304347824
/hector-verdes/profil/spieler/57954,Spain,0,Medium,0.0
/vicente-gomez/profil/spieler/153236,Spain,0,Small,0.0
/marcin-kaminski/profil/spieler/129358,Poland,497,Small,24.85
/boulaye-dia/profil/spieler/626913,France,0,No agent,0.0
/moussa-diaby/profil/spieler/395516,France,196,No agent,98.0
/javier-mascherano/profil/spieler/19981,Argentina,12662,Small,1151.0909090909092
/keinan-davis/profil/spieler/412660,England,194,Big,48.5
/joe-newell/profil/spieler/185342,England,0,No agent,0.0
/saman-ghoddos/profil/spieler/204294,Iran,780,Small,35.45454545454545
/anthony-jackson-hamel/profil/spieler/333093,Canada,322,No agent,4.075949367088607
/mert-gunok/profil/spieler/51894,Turkey,567,Small,14.538461538461538
/diego-capel/profil/spieler/27471,Spain,116,No agent,12.888888888888888
/elias-pereyra/profil/spieler/576027,Argentina,481,Small,43.72727272727273
/andrea-petagna/profil/spieler/199258,Italy,21,Medium,1.2352941176470589
/agustin-heredia/profil/spieler/570420,Argentina,0,No agent,0.0
/david-texeira/profil/spieler/143182,Uruguay,0,Small,0.0
/karim-rekik/profil/spieler/182579,Netherlands,308,Medium,19.25
