link,age_group,days_miss,games_miss,miss_days_per_y
/max-clark/profil/spieler/183291,21-23,143.0,18.0,20.428571428571427
/sergio-postigo/profil/spieler/158791,27-30,89.0,13.0,6.357142857142857
/stanislav-iljutcenko/profil/spieler/191292,27-30,3.0,0.0,0.25
/ivan-marcone/profil/spieler/90451,27-30,183.0,26.0,15.25
/florent-mollet/profil/spieler/222859,27-30,183.0,26.0,16.636363636363637
/juanpe/profil/spieler/115333,27-30,180.0,22.0,15.0
/alban-lafont/profil/spieler/357117,Sub_20,16.0,2.0,4.0
/bruno-viana/profil/spieler/411838,24-26,174.0,23.0,21.75
/emil-audero/profil/spieler/256339,21-23,143.0,18.0,23.833333333333332
/christian-gentner/profil/spieler/19112,31-34,217.0,37.0,12.764705882352942
/jordan-archer/profil/spieler/177952,24-26,174.0,23.0,17.4
/afonso-figueiredo/profil/spieler/237000,24-26,174.0,23.0,17.4
/everton-luiz/profil/spieler/75076,27-30,53.0,7.0,3.7857142857142856
/trent-alexander-arnold/profil/spieler/314353,Sub_20,26.0,5.0,6.5
/dominique-badji/profil/spieler/354840,24-26,36.0,5.0,3.6
/shkodran-mustafi/profil/spieler/88590,27-30,230.0,42.0,20.90909090909091
/lazar-rosic/profil/spieler/198053,24-26,285.0,41.0,31.666666666666668
/matheus-cunha/profil/spieler/517894,Sub_20,73.0,8.0,24.333333333333332
/orji-okwonkwo/profil/spieler/401935,21-23,25.0,5.0,5.0
/gwion-edwards/profil/spieler/192766,24-26,174.0,23.0,17.4
/abdullah-durak/profil/spieler/82713,31-34,117.0,18.0,7.3125
/ricardo-ryller/profil/spieler/349443,24-26,174.0,23.0,19.333333333333332
/elson-hooi/profil/spieler/229228,27-30,74.0,11.0,6.7272727272727275
/evgeni-chernov/profil/spieler/187024,24-26,174.0,23.0,17.4
/warner-hahn/profil/spieler/111180,24-26,597.0,76.0,59.7
/alex-blanco/profil/spieler/328914,Sub_20,73.0,8.0,18.25
/julian-gressel/profil/spieler/229640,24-26,3.0,1.0,0.3333333333333333
/domenico-criscito/profil/spieler/44136,31-34,211.0,39.0,13.1875
/alexander-milosevic/profil/spieler/171376,27-30,279.0,37.0,25.363636363636363
/jordan-lefort/profil/spieler/192492,24-26,174.0,23.0,19.333333333333332
/fernando-zampedri/profil/spieler/104006,31-34,220.0,31.0,14.666666666666666
/deklan-wynne/profil/spieler/298228,24-26,174.0,23.0,21.75
/jordan-henderson/profil/spieler/61651,27-30,473.0,82.0,39.416666666666664
/kamil-zakirov/profil/spieler/494353,Sub_20,73.0,8.0,18.25
/niko-giesselmann/profil/spieler/72792,27-30,44.0,8.0,4.0
/thomas-roberts/profil/spieler/513967,Sub_20,26.0,4.0,13.0
/jan-zamburek/profil/spieler/487924,Sub_20,73.0,8.0,36.5
/robin-bormuth/profil/spieler/283286,21-23,143.0,18.0,20.428571428571427
/jordan-torunarigha/profil/spieler/227110,21-23,137.0,15.0,27.4
/mile-jedinak/profil/spieler/28336,31-34,30.0,5.0,1.6666666666666667
/tyrone-mings/profil/spieler/253677,24-26,608.0,81.0,60.8
/john-mcginn/profil/spieler/193116,24-26,123.0,16.0,15.375
/diogo-jota/profil/spieler/340950,21-23,46.0,8.0,7.666666666666667
/omir-fernandez/profil/spieler/467271,Sub_20,73.0,8.0,18.25
/gonzalo-escalante/profil/spieler/266795,24-26,54.0,6.0,5.4
/nicolas-blandi/profil/spieler/153022,27-30,183.0,26.0,14.076923076923077
/danny-bakker/profil/spieler/250440,24-26,289.0,27.0,36.125
/charles/profil/spieler/154059,Plus_35,181.0,23.0,9.526315789473685
/leandro-fernandez/profil/spieler/131840,27-30,245.0,25.0,20.416666666666668
/igor-akinfeev/profil/spieler/15570,31-34,418.0,52.0,24.58823529411765
/andre-shinyashiki/profil/spieler/636331,21-23,143.0,18.0,20.428571428571427
/jake-cooper/profil/spieler/243603,24-26,174.0,23.0,21.75
/neymar/profil/spieler/68290,27-30,269.0,52.0,24.454545454545453
/pierre-emerick-aubameyang/profil/spieler/58864,27-30,32.0,9.0,2.4615384615384617
/serdar-dursun/profil/spieler/80059,27-30,39.0,5.0,3.5454545454545454
/valon-behrami/profil/spieler/21905,31-34,502.0,47.0,27.88888888888889
/cristian-herrera/profil/spieler/237617,27-30,6.0,1.0,0.5
/kalindi/profil/spieler/379377,24-26,174.0,23.0,19.333333333333332
/lorenzo-tonelli/profil/spieler/111347,27-30,171.0,27.0,13.153846153846153
/enzo-zidane/profil/spieler/106825,24-26,174.0,23.0,21.75
/kevin-trapp/profil/spieler/45672,27-30,326.0,42.0,27.166666666666668
/serhou-guirassy/profil/spieler/270541,21-23,375.0,36.0,53.57142857142857
/kerem-demirbay/profil/spieler/125858,24-26,174.0,23.0,19.333333333333332
/bulent-cevahir/profil/spieler/147518,27-30,10.0,3.0,0.9090909090909091
/juan-aguilera/profil/spieler/75820,31-34,107.0,14.0,6.294117647058823
/josete/profil/spieler/77037,27-30,183.0,26.0,13.071428571428571
/moreno-rutten/profil/spieler/187296,24-26,454.0,17.0,45.4
/jeff-attinella/profil/spieler/179323,27-30,79.0,10.0,5.642857142857143
/ozan-kabak/profil/spieler/361260,Sub_20,14.0,1.0,4.666666666666667
/laszlo-benes/profil/spieler/243188,21-23,396.0,44.0,79.2
/ishak-belfodil/profil/spieler/111039,27-30,52.0,3.0,4.7272727272727275
/mauro-cerqueira/profil/spieler/352847,24-26,32.0,0.0,3.2
/mario-rui/profil/spieler/87884,27-30,155.0,27.0,14.090909090909092
/terence-kongolo/profil/spieler/152651,24-26,209.0,27.0,23.22222222222222
/pavel-yakovlev/profil/spieler/63170,27-30,42.0,7.0,3.5
/nicola-sansone/profil/spieler/82048,27-30,180.0,33.0,16.363636363636363
/marc-cucurella/profil/spieler/284857,Sub_20,85.0,1.0,21.25
/jan-ingwer-callsen-bracker/profil/spieler/3851,31-34,1301.0,143.0,72.27777777777777
/clement-lenglet/profil/spieler/182904,21-23,6.0,1.0,0.8571428571428571
/jonathan-de-guzman/profil/spieler/31067,31-34,513.0,75.0,34.2
/dario-benedetto/profil/spieler/92693,27-30,288.0,31.0,24.0
/marcelo-goiano/profil/spieler/248903,31-34,60.0,10.0,4.0
/sergio-gil/profil/spieler/255994,21-23,119.0,18.0,17.0
/ramon-abila/profil/spieler/88049,27-30,34.0,7.0,2.6153846153846154
/yohan-croizet/profil/spieler/195910,27-30,183.0,26.0,16.636363636363637
/calogero-rizzuto/profil/spieler/93753,27-30,60.0,7.0,5.454545454545454
/aleksandr-samedov/profil/spieler/15076,31-34,93.0,10.0,5.166666666666667
/darron-gibson/profil/spieler/42413,31-34,763.0,104.0,50.86666666666667
/serhii-rybalka/profil/spieler/81649,27-30,17.0,3.0,1.3076923076923077
/martin-chrien/profil/spieler/252712,21-23,51.0,3.0,7.285714285714286
/jorge-pulido/profil/spieler/67546,27-30,60.0,11.0,5.0
/claudio-yacob/profil/spieler/45330,31-34,65.0,12.0,4.333333333333333
/nicolas-aguirre/profil/spieler/88166,27-30,183.0,26.0,15.25
/lautaro-gianetti/profil/spieler/225963,24-26,174.0,23.0,19.333333333333332
/bruno-ecuele-manga/profil/spieler/60990,27-30,184.0,26.0,13.142857142857142
/oliver-mcburnie/profil/spieler/298477,21-23,143.0,18.0,23.833333333333332
/ferhat-kaplan/profil/spieler/93104,27-30,21.0,3.0,1.5
/fallou-diagne/profil/spieler/82389,27-30,157.0,32.0,12.076923076923077
/aissa-mandi/profil/spieler/80293,27-30,80.0,11.0,7.2727272727272725
/aaron-seydel/profil/spieler/187499,21-23,338.0,33.0,48.285714285714285
/maximiliano-gomez/profil/spieler/396894,21-23,143.0,18.0,23.833333333333332
/yuri-gazinskiy/profil/spieler/159957,27-30,183.0,26.0,14.076923076923077
/nicolas-benezet/profil/spieler/164230,27-30,430.0,48.0,35.833333333333336
/john-goossens/profil/spieler/35527,27-30,815.0,61.0,58.214285714285715
/ruud-boffin/profil/spieler/31336,31-34,50.0,11.0,3.3333333333333335
/tomas-hubocan/profil/spieler/63252,31-34,207.0,41.0,12.176470588235293
/nick-kuipers/profil/spieler/159032,24-26,482.0,51.0,48.2
/papiss-demba-cisse/profil/spieler/33952,31-34,232.0,26.0,13.647058823529411
/ben-amos/profil/spieler/73472,27-30,183.0,26.0,14.076923076923077
/nikola-maras/profil/spieler/258475,21-23,45.0,7.0,6.428571428571429
/yann-aurel-bisseck/profil/spieler/441986,Sub_20,3.0,0.0,1.5
/yeray-alvarez/profil/spieler/255488,24-26,294.0,43.0,36.75
/ivan-gomez/profil/spieler/459318,21-23,143.0,18.0,23.833333333333332
/iker-casillas/profil/spieler/3979,Plus_35,77.0,15.0,3.6666666666666665
/maximilian-jansen/profil/spieler/149209,24-26,573.0,68.0,63.666666666666664
/dominik-baumgartner/profil/spieler/206906,21-23,589.0,82.0,98.16666666666667
/niki-jackson/profil/spieler/544390,21-23,143.0,18.0,20.428571428571427
/mathias-suarez/profil/spieler/294895,21-23,17.0,3.0,2.8333333333333335
/nikola-stojiljkovic/profil/spieler/113504,24-26,77.0,13.0,7.7
/jordan-teze/profil/spieler/364245,Sub_20,73.0,8.0,24.333333333333332
/nikola-vukcevic/profil/spieler/151470,27-30,56.0,7.0,5.090909090909091
/asier-illarramendi/profil/spieler/59344,27-30,199.0,30.0,15.307692307692308
/claudio-marchisio/profil/spieler/44716,31-34,476.0,55.0,28.0
/iddrisu-baba/profil/spieler/442805,21-23,143.0,18.0,20.428571428571427
/kristoffer-olsson/profil/spieler/193592,21-23,136.0,14.0,19.428571428571427
/ilzat-akhmetov/profil/spieler/334440,21-23,43.0,6.0,8.6
/lucas-digne/profil/spieler/126664,24-26,79.0,19.0,8.777777777777779
/ravanelli/profil/spieler/390370,21-23,204.0,7.0,40.8
/lionel-messi/profil/spieler/28003,31-34,200.0,34.0,13.333333333333334
/raul-albiol/profil/spieler/15452,31-34,219.0,43.0,12.882352941176471
/rodrigo-brana/profil/spieler/56001,Plus_35,34.0,5.0,1.4166666666666667
/josh-sargent/profil/spieler/393325,Sub_20,73.0,8.0,24.333333333333332
/gonzalo-castellani/profil/spieler/87840,31-34,220.0,31.0,14.666666666666666
/dominik-kohr/profil/spieler/118847,24-26,77.0,14.0,8.555555555555555
/timur-zhamaletdinov/profil/spieler/315557,21-23,34.0,1.0,6.8
/pawel-jaroszynski/profil/spieler/287600,24-26,162.0,23.0,20.25
/rani-khedira/profil/spieler/124410,24-26,179.0,23.0,19.88888888888889
/lisandro-martinez/profil/spieler/480762,21-23,143.0,18.0,28.6
/ahmed-ildiz/profil/spieler/226169,21-23,143.0,18.0,23.833333333333332
/erick-cabaco/profil/spieler/302991,24-26,55.0,10.0,6.875
/salih-dursun/profil/spieler/176961,27-30,451.0,66.0,41.0
/rouwen-hennings/profil/spieler/16311,31-34,131.0,19.0,8.733333333333333
/javier-manquillo/profil/spieler/162029,24-26,54.0,12.0,6.0
/vincent-manceau/profil/spieler/83132,27-30,183.0,26.0,14.076923076923077
/adis-jahovic/profil/spieler/98536,31-34,10.0,1.0,0.625
/tom-carroll/profil/spieler/121279,24-26,201.0,18.0,20.1
/jonathan-biabiany/profil/spieler/45567,31-34,220.0,31.0,14.666666666666666
/nahuel-molina/profil/spieler/424042,21-23,143.0,18.0,28.6
/jonas-martin/profil/spieler/127142,27-30,80.0,9.0,6.153846153846154
/marlon-ritter/profil/spieler/151636,24-26,100.0,12.0,12.5
/ayoub-el-kaabi/profil/spieler/521127,24-26,174.0,23.0,19.333333333333332
/adam-smith/profil/spieler/61841,27-30,201.0,26.0,16.75
/chris-lowe/profil/spieler/55125,27-30,237.0,26.0,16.928571428571427
/sem-steijn/profil/spieler/593519,Sub_20,73.0,8.0,73.0
/alex-telles/profil/spieler/255755,24-26,174.0,23.0,17.4
/jorrit-hendrix/profil/spieler/205004,24-26,260.0,29.0,32.5
/marco-asensio/profil/spieler/296622,21-23,55.0,14.0,7.857142857142857
/timo-baumgartl/profil/spieler/187491,21-23,208.0,26.0,29.714285714285715
/javi-fuego/profil/spieler/56134,Plus_35,363.0,57.0,19.105263157894736
/joao-teixeira/profil/spieler/182710,24-26,286.0,39.0,31.77777777777778
/facundo-piriz/profil/spieler/148607,27-30,83.0,16.0,6.384615384615385
/younes-namli/profil/spieler/227039,24-26,261.0,26.0,32.625
/arturo-calabresi/profil/spieler/240897,21-23,143.0,18.0,20.428571428571427
/niklas-sule/profil/spieler/166601,21-23,143.0,18.0,20.428571428571427
/kyle-bartley/profil/spieler/67421,27-30,573.0,89.0,52.09090909090909
/ryan-manning/profil/spieler/262300,21-23,28.0,4.0,4.666666666666667
/omar-browne/profil/spieler/189523,24-26,174.0,23.0,19.333333333333332
/sergey-petrov/profil/spieler/102581,27-30,396.0,47.0,33.0
/ezequiel-unsain/profil/spieler/337600,24-26,45.0,5.0,5.625
/pele/profil/spieler/99189,27-30,183.0,26.0,16.636363636363637
/fabio-quagliarella/profil/spieler/22328,Plus_35,231.0,42.0,11.55
/mubarak-wakaso/profil/spieler/45639,27-30,81.0,16.0,6.75
/lionn/profil/spieler/75116,27-30,147.0,22.0,10.5
/gaston-bojanich/profil/spieler/357337,31-34,220.0,31.0,12.222222222222221
/rodrigo-de-paul/profil/spieler/255901,24-26,174.0,23.0,21.75
/bruno-martins-indi/profil/spieler/112052,27-30,105.0,15.0,9.545454545454545
/pierrick-capelle/profil/spieler/214532,31-34,184.0,23.0,11.5
/jonathan-osorio/profil/spieler/260807,24-26,20.0,3.0,2.0
/giorgi-papunashvili/profil/spieler/214259,21-23,206.0,22.0,29.428571428571427
/lukas-gugganig/profil/spieler/164142,24-26,174.0,23.0,21.75
/drew-moor/profil/spieler/39503,Plus_35,465.0,60.0,24.473684210526315
/julian-brandt/profil/spieler/187492,21-23,143.0,18.0,20.428571428571427
/denis-thomalla/profil/spieler/94030,24-26,240.0,25.0,24.0
/sergio-ramos/profil/spieler/25557,31-34,203.0,35.0,11.941176470588236
/giorgi-aburjania/profil/spieler/186848,24-26,154.0,23.0,19.25
/nathan-byrne/profil/spieler/121276,24-26,174.0,23.0,17.4
/faycal-fajr/profil/spieler/174344,27-30,183.0,26.0,13.071428571428571
/richonell-margaret/profil/spieler/465326,Sub_20,73.0,8.0,36.5
/guilherme-oliveira/profil/spieler/257369,24-26,174.0,23.0,21.75
/artem-rebrov/profil/spieler/15680,Plus_35,735.0,56.0,38.68421052631579
/yohan-benalouane/profil/spieler/50477,31-34,210.0,18.0,13.125
/milton-alvarez/profil/spieler/526527,27-30,183.0,26.0,13.071428571428571
/johan-blomberg/profil/spieler/107539,31-34,220.0,31.0,14.666666666666666
/diego-valoyes/profil/spieler/413983,21-23,143.0,18.0,23.833333333333332
/milan-lukac/profil/spieler/47024,31-34,99.0,21.0,5.823529411764706
/sven-michel/profil/spieler/186988,27-30,316.0,55.0,26.333333333333332
/jannik-dehm/profil/spieler/211671,21-23,143.0,18.0,20.428571428571427
/james-milner/profil/spieler/3333,31-34,116.0,18.0,6.823529411764706
/miguel-veloso/profil/spieler/43848,31-34,302.0,46.0,17.764705882352942
/cristian-ansaldi/profil/spieler/55854,31-34,335.0,53.0,20.9375
/fabian-henriquez/profil/spieler/400611,21-23,143.0,18.0,20.428571428571427
/ruben-duarte/profil/spieler/177046,21-23,97.0,7.0,13.857142857142858
/nildo-petrolina/profil/spieler/158427,31-34,243.0,33.0,14.294117647058824
/emiliano-velazquez/profil/spieler/189458,24-26,130.0,22.0,14.444444444444445
/chris-basham/profil/spieler/52495,27-30,51.0,9.0,3.642857142857143
/maciej-wilusz/profil/spieler/42109,27-30,220.0,22.0,15.714285714285714
/gerard-moreno/profil/spieler/177467,27-30,56.0,7.0,5.090909090909091
/ciro-rius/profil/spieler/101875,27-30,183.0,26.0,13.071428571428571
/nikolay-markov/profil/spieler/89088,31-34,220.0,31.0,12.222222222222221
/zelimkhan-bakaev/profil/spieler/279242,21-23,143.0,18.0,23.833333333333332
/maxime-le-marchand/profil/spieler/60558,27-30,101.0,17.0,7.769230769230769
/john-guidetti/profil/spieler/98596,27-30,474.0,83.0,43.09090909090909
/antonis-aidonis/profil/spieler/405674,Sub_20,73.0,8.0,73.0
/assil-jaziri/profil/spieler/633398,Sub_20,73.0,8.0,24.333333333333332
/guilherme/profil/spieler/55369,31-34,985.0,111.0,57.94117647058823
/alfredo-morales/profil/spieler/58500,27-30,71.0,11.0,5.461538461538462
/claudio-falcao/profil/spieler/437566,24-26,31.0,4.0,3.875
/accioly/profil/spieler/56054,Plus_35,69.0,8.0,3.1363636363636362
/carlos-soler/profil/spieler/372246,21-23,47.0,9.0,7.833333333333333
/dani-schahin/profil/spieler/58437,27-30,183.0,26.0,14.076923076923077
/miguel-linares/profil/spieler/95504,Plus_35,411.0,42.0,20.55
/danil-lipovoy/profil/spieler/462988,Sub_20,73.0,8.0,24.333333333333332
/shawn-parker/profil/spieler/89659,24-26,677.0,78.0,67.7
/alvaro-vadillo/profil/spieler/162074,24-26,174.0,23.0,21.75
/stefan-johansen/profil/spieler/62008,27-30,45.0,10.0,3.75
/iker-muniain/profil/spieler/54235,24-26,470.0,78.0,47.0
/daniel-heuer-fernandes/profil/spieler/84993,24-26,44.0,6.0,4.4
/jason-puncheon/profil/spieler/47995,31-34,276.0,29.0,17.25
/cian-harries/profil/spieler/319300,21-23,143.0,18.0,23.833333333333332
/oliver-skipp/profil/spieler/406638,Sub_20,73.0,8.0,36.5
/kylian-mbappe/profil/spieler/342229,Sub_20,76.0,11.0,19.0
/edimilson-fernandes/profil/spieler/247555,21-23,208.0,37.0,29.714285714285715
/kortney-hause/profil/spieler/233124,21-23,129.0,23.0,18.428571428571427
/minhoca/profil/spieler/194177,31-34,153.0,25.0,10.2
/gersom-klok/profil/spieler/56325,27-30,43.0,6.0,3.5833333333333335
/georgios-tzavellas/profil/spieler/42942,31-34,177.0,28.0,11.8
/david-costas/profil/spieler/276111,24-26,139.0,21.0,17.375
/marcus-epps/profil/spieler/482646,24-26,174.0,23.0,21.75
/odil-akhmedov/profil/spieler/63606,31-34,61.0,19.0,4.066666666666666
/javier-gandolfi/profil/spieler/26242,Plus_35,244.0,34.0,11.090909090909092
/daniel-salloi/profil/spieler/321946,21-23,25.0,4.0,4.166666666666667
/chey-dunkley/profil/spieler/217094,27-30,183.0,26.0,16.636363636363637
/martin-hinteregger/profil/spieler/85789,24-26,150.0,19.0,15.0
/erik-holt/profil/spieler/510344,21-23,40.0,5.0,6.666666666666667
/tim-knipping/profil/spieler/185520,24-26,318.0,30.0,31.8
/ryad-boudebouz/profil/spieler/77826,27-30,415.0,10.0,31.923076923076923
/marek-hamsik/profil/spieler/38593,31-34,97.0,16.0,6.466666666666667
/luquinhas/profil/spieler/402825,21-23,143.0,18.0,23.833333333333332
/branislav-ivanovic/profil/spieler/36827,Plus_35,114.0,24.0,6.0
/florian-kruger/profil/spieler/317740,Sub_20,258.0,25.0,64.5
/cameron-carter-vickers/profil/spieler/341049,21-23,17.0,4.0,3.4
/lewis-walker/profil/spieler/430801,Sub_20,73.0,8.0,18.25
/rui-patricio/profil/spieler/45026,31-34,27.0,1.0,1.8
/magomed-elmurzaev/profil/spieler/450282,21-23,143.0,18.0,28.6
/ivan-arboleda/profil/spieler/260740,21-23,143.0,18.0,20.428571428571427
/alvaro-raton/profil/spieler/248551,24-26,174.0,23.0,17.4
/wesley-lautoa/profil/spieler/154199,31-34,331.0,52.0,22.066666666666666
/diogo-goncalves/profil/spieler/258015,21-23,143.0,18.0,23.833333333333332
/tomas-rincon/profil/spieler/75942,31-34,206.0,23.0,13.733333333333333
/samuel-chukwueze/profil/spieler/401922,Sub_20,73.0,8.0,24.333333333333332
/simone-iacoponi/profil/spieler/59699,31-34,220.0,31.0,13.75
/oliver-sorg/profil/spieler/55114,27-30,165.0,23.0,13.75
/marcos-acuna/profil/spieler/60410,27-30,30.0,5.0,2.727272727272727
/xadas/profil/spieler/345345,21-23,109.0,18.0,21.8
/nicola-dalmonte/profil/spieler/301237,21-23,58.0,9.0,11.6
/lennart-thy/profil/spieler/23553,27-30,83.0,12.0,7.545454545454546
/juan-andrada/profil/spieler/457212,24-26,174.0,23.0,21.75
/jan-moravek/profil/spieler/63022,27-30,326.0,44.0,25.076923076923077
/nicolas-domingo/profil/spieler/39150,31-34,220.0,31.0,12.941176470588236
/kevin-kampl/profil/spieler/53418,27-30,196.0,30.0,16.333333333333332
/kofi-opare/profil/spieler/256357,27-30,183.0,26.0,15.25
/mitchell-dijks/profil/spieler/187245,24-26,155.0,29.0,15.5
/gotoku-sakai/profil/spieler/103310,27-30,21.0,3.0,1.75
/vlad-chiriches/profil/spieler/123261,27-30,424.0,73.0,32.61538461538461
/artur-nigmatullin/profil/spieler/70074,27-30,183.0,26.0,16.636363636363637
/romain-thomas/profil/spieler/57467,27-30,183.0,26.0,13.071428571428571
/derrick-luckassen/profil/spieler/241457,21-23,206.0,25.0,29.428571428571427
/oscar-trejo/profil/spieler/30321,31-34,70.0,13.0,4.666666666666667
/dominik-reimann/profil/spieler/238722,21-23,225.0,19.0,45.0
/moataz-zemzemi/profil/spieler/422893,Sub_20,73.0,8.0,24.333333333333332
/nils-roseler/profil/spieler/47740,27-30,94.0,7.0,8.545454545454545
/tomer-hemed/profil/spieler/112668,31-34,188.0,18.0,11.75
/olivier-boscagli/profil/spieler/318508,21-23,61.0,10.0,12.2
/tristan-dekker/profil/spieler/315124,21-23,137.0,17.0,27.4
/jan-kral/profil/spieler/358132,Sub_20,73.0,8.0,18.25
/jovane-cabral/profil/spieler/448466,Sub_20,73.0,8.0,18.25
/alex-ferrari/profil/spieler/197491,24-26,132.0,17.0,16.5
/marwin-reuvers/profil/spieler/470910,Sub_20,73.0,8.0,18.25
/ayo-akinola/profil/spieler/370979,Sub_20,73.0,8.0,24.333333333333332
/alessandro-murgia/profil/spieler/289061,21-23,24.0,2.0,4.0
/daniel-didavi/profil/spieler/57995,27-30,220.0,19.0,16.923076923076923
/andrey-lunev/profil/spieler/112541,27-30,91.0,18.0,8.272727272727273
/ilkay-gundogan/profil/spieler/53622,27-30,183.0,26.0,15.25
/dani-parejo/profil/spieler/59561,27-30,66.0,14.0,4.714285714285714
/sandro-wagner/profil/spieler/39743,31-34,74.0,16.0,4.933333333333334
/nikola-vlasic/profil/spieler/293200,21-23,21.0,4.0,4.2
/svante-ingelsson/profil/spieler/321079,Sub_20,282.0,27.0,70.5
/yannick-stark/profil/spieler/49737,27-30,34.0,1.0,2.8333333333333335
/pablo-mari/profil/spieler/210178,24-26,68.0,9.0,7.555555555555555
/rui-silva/profil/spieler/234811,24-26,174.0,23.0,19.333333333333332
/gedion-zelalem/profil/spieler/228370,21-23,520.0,68.0,86.66666666666667
/thijmen-goppel/profil/spieler/342240,21-23,143.0,18.0,23.833333333333332
/nolan-mbemba/profil/spieler/276768,24-26,174.0,23.0,21.75
/frank-acheampong/profil/spieler/157160,24-26,41.0,7.0,4.555555555555555
/sebastian-palacios/profil/spieler/262861,27-30,183.0,26.0,16.636363636363637
/tono/profil/spieler/125931,27-30,439.0,35.0,33.76923076923077
/boubacar-kamara/profil/spieler/394327,Sub_20,107.0,13.0,35.666666666666664
/felix-eboa-eboa/profil/spieler/296359,21-23,143.0,18.0,23.833333333333332
/molla-wague/profil/spieler/129893,27-30,183.0,26.0,15.25
/eric-dier/profil/spieler/175722,24-26,176.0,29.0,19.555555555555557
/tate-schmitt/profil/spieler/637658,21-23,143.0,18.0,28.6
/robert-leipertz/profil/spieler/119120,24-26,208.0,9.0,20.8
/stiven-mendoza/profil/spieler/131101,24-26,128.0,7.0,12.8
/arturo-mina/profil/spieler/263628,27-30,114.0,19.0,9.5
/andre-claro/profil/spieler/86804,27-30,38.0,6.0,3.1666666666666665
/lucas-tousart/profil/spieler/353948,21-23,143.0,18.0,23.833333333333332
/josue/profil/spieler/72772,27-30,73.0,14.0,6.083333333333333
/alejandro-pozuelo/profil/spieler/188853,27-30,238.0,23.0,21.636363636363637
/sergio-floccari/profil/spieler/30638,Plus_35,306.0,39.0,14.571428571428571
/ionut-radu/profil/spieler/303657,21-23,234.0,39.0,46.8
/abdou-traore/profil/spieler/42941,27-30,357.0,58.0,25.5
/marc-andre-ter-stegen/profil/spieler/74857,27-30,120.0,13.0,10.909090909090908
/damian-batallini/profil/spieler/421998,21-23,143.0,18.0,23.833333333333332
/alireza-jahanbakhsh/profil/spieler/213268,24-26,282.0,34.0,31.333333333333332
/ademola-lookman/profil/spieler/406040,21-23,56.0,7.0,11.2
/rajko-rotman/profil/spieler/100303,27-30,62.0,12.0,4.428571428571429
/michael-murillo/profil/spieler/354482,21-23,143.0,18.0,20.428571428571427
/platiny/profil/spieler/248901,27-30,158.0,21.0,13.166666666666666
/kekuta-manneh/profil/spieler/253053,24-26,217.0,24.0,27.125
/said-benrahma/profil/spieler/290532,21-23,143.0,18.0,20.428571428571427
/daryl-murphy/profil/spieler/31312,Plus_35,120.0,19.0,6.0
/anwar-el-ghazi/profil/spieler/183720,24-26,74.0,12.0,9.25
/mickey-van-der-hart/profil/spieler/207048,24-26,81.0,6.0,10.125
/jordan-morris/profil/spieler/337807,24-26,389.0,49.0,48.625
/clinton-njie/profil/spieler/241119,24-26,188.0,35.0,20.88888888888889
/santi-comesana/profil/spieler/380598,21-23,143.0,18.0,23.833333333333332
/onur-ayik/profil/spieler/52006,27-30,382.0,49.0,29.384615384615383
/rodrigo-battaglia/profil/spieler/89297,27-30,215.0,41.0,19.545454545454547
/ih-yeong-park/profil/spieler/307397,24-26,90.0,12.0,11.25
/welinton/profil/spieler/95152,27-30,89.0,12.0,6.357142857142857
/antonio-mirante/profil/spieler/22141,Plus_35,317.0,41.0,16.68421052631579
/dominic-samuel/profil/spieler/203784,24-26,174.0,23.0,19.333333333333332
/dogukan-sinik/profil/spieler/370833,Sub_20,73.0,8.0,18.25
/mikhail-ignatov/profil/spieler/419672,Sub_20,33.0,5.0,11.0
/orel-mangala/profil/spieler/289592,21-23,22.0,3.0,4.4
/nils-butzen/profil/spieler/151105,24-26,43.0,5.0,4.3
/steffen-schafer/profil/spieler/119291,24-26,16.0,4.0,1.7777777777777777
/luca-sangalli/profil/spieler/289286,24-26,185.0,26.0,23.125
/tommy-elphick/profil/spieler/37152,31-34,163.0,27.0,10.866666666666667
/salvatore-sirigu/profil/spieler/25508,31-34,43.0,10.0,2.6875
/ander-capa/profil/spieler/197545,27-30,58.0,8.0,5.2727272727272725
/pablo-valcarce/profil/spieler/365313,24-26,174.0,23.0,17.4
/georgi-zotov/profil/spieler/113235,27-30,14.0,1.0,1.0769230769230769
/christian-fernandez/profil/spieler/48294,31-34,220.0,31.0,12.941176470588236
/djordje-mihailovic/profil/spieler/484756,Sub_20,288.0,30.0,72.0
/juan-foyth/profil/spieler/480763,21-23,63.0,7.0,12.6
/eder/profil/spieler/37418,31-34,180.0,19.0,11.25
/diogo-leite/profil/spieler/357156,Sub_20,73.0,8.0,18.25
/kyle-vassell/profil/spieler/293002,24-26,174.0,23.0,17.4
/laurent-ciman/profil/spieler/22338,31-34,28.0,3.0,1.6470588235294117
/kik-pierie/profil/spieler/361207,Sub_20,73.0,8.0,36.5
/richard-magyar/profil/spieler/148727,27-30,104.0,20.0,8.666666666666666
/arthur/profil/spieler/362842,21-23,121.0,13.0,20.166666666666668
/vincent-laurini/profil/spieler/94936,27-30,237.0,33.0,18.23076923076923
/danilo-silva/profil/spieler/61952,31-34,373.0,32.0,23.3125
/osvaldo-alonso/profil/spieler/62810,31-34,273.0,29.0,16.058823529411764
/tobias-mohr/profil/spieler/153661,21-23,273.0,28.0,39.0
/hee-chan-hwang/profil/spieler/292246,21-23,196.0,37.0,28.0
/lautaro-guzman/profil/spieler/626916,Sub_20,73.0,8.0,24.333333333333332
/martin-skrtel/profil/spieler/24180,31-34,353.0,76.0,19.61111111111111
/julian-pollersbeck/profil/spieler/228975,24-26,35.0,3.0,4.375
/deni-milosevic/profil/spieler/168163,24-26,11.0,2.0,1.375
/ze-luis/profil/spieler/134602,27-30,244.0,44.0,20.333333333333332
/mathias-normann/profil/spieler/257805,21-23,143.0,18.0,23.833333333333332
/timo-werner/profil/spieler/170527,21-23,83.0,12.0,11.857142857142858
/ismael-quilez/profil/spieler/91360,27-30,183.0,26.0,13.071428571428571
/beram-kayal/profil/spieler/44741,31-34,336.0,58.0,22.4
/valter-birsa/profil/spieler/26105,31-34,256.0,40.0,16.0
/alex-muyl/profil/spieler/413690,21-23,17.0,2.0,2.4285714285714284
/romain-genevois/profil/spieler/57525,31-34,170.0,21.0,11.333333333333334
/mohamed-elneny/profil/spieler/160438,24-26,57.0,15.0,5.7
/tom-davies/profil/spieler/314210,Sub_20,73.0,8.0,18.25
/sam-vines/profil/spieler/535282,Sub_20,73.0,8.0,24.333333333333332
/albert-rusnak/profil/spieler/43228,24-26,23.0,4.0,2.875
/enrique-borja/profil/spieler/417326,21-23,143.0,18.0,20.428571428571427
/marcus-thuram/profil/spieler/318528,21-23,143.0,18.0,28.6
/robert-andrich/profil/spieler/159088,24-26,34.0,7.0,4.25
/zac-macmath/profil/spieler/156300,27-30,30.0,5.0,2.727272727272727
/sven-braken/profil/spieler/185400,24-26,479.0,48.0,53.22222222222222
/okechukwu-azubuike/profil/spieler/386126,21-23,53.0,10.0,8.833333333333334
/michael-brouwer/profil/spieler/231650,24-26,174.0,23.0,17.4
/egor-baburin/profil/spieler/146918,24-26,184.0,22.0,20.444444444444443
/sadio-mane/profil/spieler/200512,27-30,150.0,21.0,13.636363636363637
/kristofer-kristinsson/profil/spieler/400174,Sub_20,73.0,8.0,18.25
/evens-joseph/profil/spieler/593320,Sub_20,73.0,8.0,24.333333333333332
/lukas-kubler/profil/spieler/93604,24-26,736.0,85.0,73.6
/marvin-plattenhardt/profil/spieler/89592,27-30,106.0,16.0,9.636363636363637
/emerson-hyndman/profil/spieler/223047,21-23,157.0,29.0,22.428571428571427
/darwin-quintero/profil/spieler/55666,31-34,25.0,3.0,1.6666666666666667
/manuel-castro/profil/spieler/335984,21-23,143.0,18.0,20.428571428571427
/wilson-kamavuaka/profil/spieler/55512,27-30,20.0,5.0,1.5384615384615385
/jese/profil/spieler/134936,24-26,271.0,40.0,27.1
/marco-dalessandro/profil/spieler/99232,27-30,174.0,30.0,14.5
/lucas-vazquez/profil/spieler/221316,27-30,77.0,7.0,7.0
/yekta-kurtulus/profil/spieler/63204,31-34,341.0,59.0,20.058823529411764
/raul-guti/profil/spieler/330352,21-23,205.0,23.0,34.166666666666664
/abdul-aziz-tetteh/profil/spieler/157003,27-30,183.0,26.0,15.25
/franck-evina/profil/spieler/336331,Sub_20,74.0,4.0,37.0
/ruben-pena/profil/spieler/238868,27-30,122.0,8.0,11.090909090909092
/keagan-dolly/profil/spieler/234006,24-26,35.0,5.0,3.5
/lewis-wing/profil/spieler/517286,21-23,143.0,18.0,20.428571428571427
/federico-cartabia/profil/spieler/242548,24-26,220.0,26.0,22.0
/isaac-hayden/profil/spieler/206225,24-26,84.0,10.0,10.5
/jack-butland/profil/spieler/128899,24-26,174.0,23.0,17.4
/michael-dawson/profil/spieler/9988,Plus_35,415.0,71.0,21.842105263157894
/aly-ghazal/profil/spieler/254981,27-30,28.0,4.0,2.5454545454545454
/martin-montoya/profil/spieler/68645,27-30,68.0,14.0,5.666666666666667
/cristian-pavon/profil/spieler/373170,21-23,68.0,9.0,9.714285714285714
/alvaro-medran/profil/spieler/253839,24-26,174.0,23.0,19.333333333333332
/samba-sow/profil/spieler/89461,27-30,420.0,53.0,30.0
/alejandro-romero-gamarra/profil/spieler/355817,24-26,174.0,23.0,21.75
/oghenekaro-etebo/profil/spieler/409106,21-23,61.0,9.0,8.714285714285714
/khaled-adenon/profil/spieler/39174,31-34,220.0,31.0,12.941176470588236
/michael-hefele/profil/spieler/102382,27-30,758.0,94.0,63.166666666666664
/aatif-chahechouhe/profil/spieler/73480,31-34,76.0,12.0,4.75
/ramon-pascal-lundqvist/profil/spieler/238084,21-23,388.0,39.0,64.66666666666667
/nouha-dicko/profil/spieler/173750,27-30,358.0,49.0,32.54545454545455
/mustafa-akbas/profil/spieler/98113,27-30,176.0,35.0,14.666666666666666
/marakis/profil/spieler/188669,27-30,17.0,3.0,1.5454545454545454
/cristian-chavez/profil/spieler/70132,31-34,45.0,8.0,3.0
/lazar-markovic/profil/spieler/144303,24-26,254.0,37.0,28.22222222222222
/maksim-semakin/profil/spieler/72165,Plus_35,244.0,34.0,12.842105263157896
/zian-flemming/profil/spieler/411537,Sub_20,73.0,8.0,18.25
/robert-strauss/profil/spieler/18068,31-34,245.0,31.0,15.3125
/toni-lato/profil/spieler/320271,21-23,32.0,4.0,6.4
/jack-grealish/profil/spieler/203460,21-23,143.0,18.0,20.428571428571427
/tim-matavz/profil/spieler/50303,27-30,501.0,92.0,35.785714285714285
/albert-adomah/profil/spieler/83430,31-34,220.0,31.0,14.666666666666666
/kiki/profil/spieler/270055,24-26,31.0,4.0,3.875
/jake-nerwinski/profil/spieler/482612,24-26,174.0,23.0,21.75
/eljif-elmas/profil/spieler/400489,Sub_20,73.0,8.0,24.333333333333332
/dimitri-payet/profil/spieler/37647,31-34,163.0,24.0,10.1875
/sven-ulreich/profil/spieler/40680,27-30,198.0,27.0,14.142857142857142
/danilo-soares/profil/spieler/154396,27-30,183.0,26.0,16.636363636363637
/robert-muhren/profil/spieler/186763,27-30,3.0,1.0,0.23076923076923078
/johnny-russell/profil/spieler/55494,27-30,170.0,25.0,13.076923076923077
/henri-lansbury/profil/spieler/44794,27-30,97.0,21.0,8.083333333333334
/brandon-servania/profil/spieler/455979,Sub_20,58.0,8.0,14.5
/jailson/profil/spieler/366948,21-23,143.0,18.0,20.428571428571427
/britt-assombalonga/profil/spieler/186172,24-26,174.0,23.0,17.4
/conor-townsend/profil/spieler/146509,24-26,22.0,4.0,2.2
/ivan-markelov/profil/spieler/106569,31-34,220.0,31.0,14.666666666666666
/marcelo/profil/spieler/52920,31-34,26.0,2.0,1.7333333333333334
/anton-shunin/profil/spieler/37549,31-34,115.0,4.0,7.1875
/mikel-san-jose/profil/spieler/52469,27-30,70.0,11.0,5.384615384615385
/jan-vertonghen/profil/spieler/43250,31-34,396.0,62.0,24.75
/eric-miller/profil/spieler/245315,24-26,125.0,17.0,12.5
/kyle-duncan/profil/spieler/349699,21-23,325.0,39.0,65.0
/emmanuel-iyoha/profil/spieler/314245,21-23,41.0,2.0,8.2
/romulo/profil/spieler/121756,31-34,392.0,59.0,26.133333333333333
/murat-cem-akpinar/profil/spieler/388913,Sub_20,73.0,8.0,18.25
/luca-plogmann/profil/spieler/335997,Sub_20,73.0,8.0,24.333333333333332
/erwin-mulder/profil/spieler/56631,27-30,88.0,17.0,6.285714285714286
/david-junca/profil/spieler/164055,24-26,403.0,55.0,44.77777777777778
/matias-caruzzo/profil/spieler/56573,31-34,220.0,31.0,12.222222222222221
/vitor-goncalves/profil/spieler/194547,27-30,183.0,26.0,16.636363636363637
/markel-susaeta/profil/spieler/54245,31-34,49.0,11.0,3.2666666666666666
/brice-samba/profil/spieler/191056,24-26,174.0,23.0,19.333333333333332
/geronimo-rulli/profil/spieler/229604,24-26,125.0,19.0,12.5
/andrej-kramaric/profil/spieler/46580,27-30,53.0,3.0,4.818181818181818
/anaitz-arbilla/profil/spieler/71548,31-34,454.0,64.0,28.375
/alan/profil/spieler/73460,27-30,728.0,88.0,56.0
/benjamin-hubner/profil/spieler/52348,27-30,272.0,39.0,20.923076923076923
/kevin-lankford/profil/spieler/338879,Sub_20,42.0,7.0,10.5
/enis-hajri/profil/spieler/28735,Plus_35,214.0,24.0,10.7
/steve-mandanda/profil/spieler/23951,31-34,313.0,40.0,17.38888888888889
/raul-navas/profil/spieler/142419,31-34,570.0,68.0,38.0
/adrien-thomasson/profil/spieler/215977,24-26,174.0,23.0,19.333333333333332
/joshua-brenet/profil/spieler/207006,24-26,40.0,9.0,4.444444444444445
/erick-pulgar/profil/spieler/215616,24-26,54.0,5.0,6.0
/nick-rimando/profil/spieler/39434,Plus_35,86.0,14.0,3.739130434782609
/lucas-villalba/profil/spieler/240913,24-26,174.0,23.0,21.75
/simon-dawkins/profil/spieler/57488,31-34,106.0,19.0,7.066666666666666
/vitus-eicher/profil/spieler/57796,27-30,29.0,2.0,2.4166666666666665
/fabian-ruiz/profil/spieler/350219,21-23,113.0,15.0,16.142857142857142
/carlos-akapo/profil/spieler/225015,24-26,250.0,35.0,25.0
/niltinho/profil/spieler/271353,24-26,12.0,2.0,1.3333333333333333
/borys-tashchy/profil/spieler/138292,24-26,184.0,20.0,20.444444444444443
/aron-gunnarsson/profil/spieler/63821,27-30,224.0,36.0,16.0
/william/profil/spieler/153207,27-30,121.0,15.0,11.0
/toni-sunjic/profil/spieler/60790,27-30,4.0,1.0,0.2857142857142857
/antonin-barak/profil/spieler/272261,24-26,261.0,28.0,32.625
/callum-connolly/profil/spieler/308632,21-23,143.0,18.0,28.6
/joe-gomez/profil/spieler/256178,21-23,565.0,97.0,113.0
/junio/profil/spieler/520469,21-23,143.0,18.0,23.833333333333332
/elhadji-pape-diaw/profil/spieler/410238,24-26,28.0,4.0,3.5
/florian-thauvin/profil/spieler/184892,24-26,71.0,14.0,7.1
/miguel-luis/profil/spieler/357161,Sub_20,49.0,1.0,12.25
/carlos-martinez/profil/spieler/58074,31-34,1008.0,122.0,59.294117647058826
/yannis-ammour/profil/spieler/420782,Sub_20,73.0,8.0,24.333333333333332
/facundo-sanchez/profil/spieler/107523,27-30,183.0,26.0,14.076923076923077
/leo-stulac/profil/spieler/171159,24-26,40.0,5.0,5.0
/solly-march/profil/spieler/209212,24-26,174.0,23.0,21.75
/sebastian-griesbeck/profil/spieler/153555,27-30,90.0,10.0,7.5
/lewis-dunk/profil/spieler/148153,27-30,183.0,26.0,16.636363636363637
/bart-ramselaar/profil/spieler/326701,21-23,37.0,4.0,6.166666666666667
/roman-tugarev/profil/spieler/289643,Sub_20,73.0,8.0,18.25
/vladimir-rykov/profil/spieler/117802,31-34,101.0,13.0,6.733333333333333
/greg-leigh/profil/spieler/201586,24-26,174.0,23.0,21.75
/costinha/profil/spieler/236886,24-26,174.0,23.0,17.4
/alex-meret/profil/spieler/240414,21-23,362.0,37.0,60.333333333333336
/joao-carvalho/profil/spieler/258005,21-23,143.0,18.0,23.833333333333332
/ayoze-perez/profil/spieler/246968,24-26,174.0,23.0,19.333333333333332
/lukas-jutkiewicz/profil/spieler/33507,27-30,183.0,26.0,13.071428571428571
/mohammed-osman/profil/spieler/273431,24-26,174.0,23.0,19.333333333333332
/jaakko-oksanen/profil/spieler/433893,Sub_20,73.0,8.0,36.5
/oualid-el-hajjam/profil/spieler/283127,27-30,183.0,26.0,15.25
/taleb-tawatha/profil/spieler/60761,24-26,256.0,30.0,25.6
/jonathas/profil/spieler/58345,27-30,258.0,37.0,18.428571428571427
/moryke-fofana/profil/spieler/240497,27-30,13.0,4.0,1.1818181818181819
/adrian-calello/profil/spieler/55911,31-34,164.0,26.0,10.25
/daniel-james/profil/spieler/319301,21-23,143.0,18.0,28.6
/baris-ekincier/profil/spieler/383223,Sub_20,158.0,17.0,39.5
/jack-robinson/profil/spieler/128909,24-26,371.0,82.0,41.22222222222222
/kevin-mohwald/profil/spieler/94137,24-26,117.0,10.0,13.0
/christian-kouame/profil/spieler/337725,21-23,114.0,15.0,22.8
/mucahit-can-akcay/profil/spieler/315202,21-23,143.0,18.0,28.6
/mohamed-drager/profil/spieler/192167,21-23,143.0,18.0,23.833333333333332
/joao-talocha/profil/spieler/205116,27-30,183.0,26.0,14.076923076923077
/reto-ziegler/profil/spieler/9915,31-34,143.0,25.0,8.411764705882353
/massimo-gobbi/profil/spieler/28020,Plus_35,199.0,25.0,9.045454545454545
/felix-wiedwald/profil/spieler/44594,27-30,163.0,19.0,12.538461538461538
/diogo-verdasca/profil/spieler/225162,21-23,7.0,1.0,1.1666666666666667
/handwalla-bwana/profil/spieler/425824,Sub_20,103.0,16.0,34.333333333333336
/jefferson-montero/profil/spieler/77932,27-30,435.0,45.0,33.46153846153846
/paddy-mcnair/profil/spieler/167268,24-26,403.0,58.0,50.375
/nicolai-muller/profil/spieler/39426,31-34,399.0,57.0,26.6
/ignacio-piatti/profil/spieler/37433,31-34,110.0,17.0,6.111111111111111
/gustavo-sauer/profil/spieler/336158,24-26,69.0,2.0,6.9
/ezequiel-videla/profil/spieler/125889,31-34,220.0,31.0,14.666666666666666
/alan-ruiz/profil/spieler/190442,24-26,91.0,10.0,10.11111111111111
/facundo-medina/profil/spieler/474800,Sub_20,73.0,8.0,24.333333333333332
/bernard-tekpetey/profil/spieler/422380,21-23,73.0,10.0,14.6
/angel-rangel/profil/spieler/66550,Plus_35,195.0,33.0,9.75
/clemente/profil/spieler/59372,Plus_35,41.0,4.0,2.1578947368421053
/maximilian-mittelstadt/profil/spieler/282660,21-23,90.0,12.0,15.0
/ze-manuel/profil/spieler/113025,27-30,183.0,26.0,15.25
/iago-aspas/profil/spieler/72047,31-34,200.0,26.0,13.333333333333334
/antonino-barilla/profil/spieler/39828,31-34,51.0,8.0,3.4
/issam-chebake/profil/spieler/332049,27-30,25.0,3.0,1.9230769230769231
/dean-gerken/profil/spieler/42055,31-34,199.0,23.0,11.705882352941176
/joaquin-laso/profil/spieler/360797,27-30,183.0,26.0,15.25
/aleksandr-anyukov/profil/spieler/17749,Plus_35,30.0,7.0,1.5
/havard-nielsen/profil/spieler/136181,24-26,291.0,35.0,32.333333333333336
/osman-kakay/profil/spieler/419576,21-23,143.0,18.0,28.6
/sebastian-ernst/profil/spieler/108198,24-26,290.0,16.0,36.25
/erick-gutierrez/profil/spieler/298796,21-23,25.0,3.0,3.5714285714285716
/idrissa-doumbia/profil/spieler/430579,21-23,143.0,18.0,28.6
/dani-romera/profil/spieler/271451,21-23,203.0,15.0,29.0
/leandro-paiva/profil/spieler/269524,24-26,17.0,2.0,1.8888888888888888
/leon-bailey/profil/spieler/387626,21-23,38.0,5.0,7.6
/german-herrera/profil/spieler/32710,Plus_35,244.0,34.0,12.842105263157896
/thomas-delaney/profil/spieler/91849,27-30,210.0,30.0,19.09090909090909
/tristan-nydam/profil/spieler/483545,Sub_20,73.0,8.0,24.333333333333332
/pavel-kaloshin/profil/spieler/605627,21-23,143.0,18.0,28.6
/kurt-zouma/profil/spieler/157509,24-26,467.0,42.0,58.375
/yussuf-poulsen/profil/spieler/157635,24-26,88.0,14.0,11.0
/lukas-hinterseer/profil/spieler/59054,27-30,45.0,5.0,3.75
/sone-aluko/profil/spieler/42198,27-30,241.0,41.0,17.214285714285715
/alexander-buttner/profil/spieler/38003,27-30,29.0,4.0,2.0714285714285716
/alexandru-epureanu/profil/spieler/45340,31-34,386.0,47.0,24.125
/nahuel-arena/profil/spieler/552629,Sub_20,73.0,8.0,18.25
/xisco-campos/profil/spieler/70946,Plus_35,161.0,15.0,7.666666666666667
/luis-robles/profil/spieler/47289,Plus_35,53.0,8.0,2.789473684210526
/erik-zenga/profil/spieler/85961,24-26,615.0,74.0,61.5
/martin-cranie/profil/spieler/27659,31-34,180.0,28.0,11.25
/dries-saddiki/profil/spieler/370042,21-23,143.0,18.0,23.833333333333332
/aymeric-laporte/profil/spieler/176553,24-26,158.0,20.0,19.75
/takashi-inui/profil/spieler/98249,27-30,48.0,8.0,3.4285714285714284
/richie-laryea/profil/spieler/417348,24-26,174.0,23.0,21.75
/zanka/profil/spieler/52059,27-30,216.0,27.0,16.615384615384617
/craig-noone/profil/spieler/81202,31-34,160.0,14.0,10.666666666666666
/dani-ceballos/profil/spieler/319745,21-23,143.0,18.0,23.833333333333332
/alexandre-mendy/profil/spieler/290561,24-26,27.0,4.0,3.0
/douglas-luiz/profil/spieler/447661,21-23,65.0,7.0,13.0
/borja-baston/profil/spieler/85324,24-26,174.0,23.0,17.4
/marvin-ducksch/profil/spieler/125103,24-26,174.0,23.0,19.333333333333332
/brent-kallman/profil/spieler/226643,27-30,183.0,26.0,15.25
/marcelo-brozovic/profil/spieler/156617,24-26,150.0,19.0,15.0
/casimir-ninga/profil/spieler/392810,24-26,182.0,27.0,20.22222222222222
/kevin-gameiro/profil/spieler/27389,31-34,252.0,38.0,15.75
/stijn-schaars/profil/spieler/4698,Plus_35,1329.0,195.0,69.94736842105263
/rodrigo-salinas/profil/spieler/125750,31-34,220.0,31.0,13.75
/alejo-montero/profil/spieler/649998,21-23,143.0,18.0,28.6
/agustin-fontana/profil/spieler/345229,21-23,143.0,18.0,23.833333333333332
/paul-baysse/profil/spieler/43256,27-30,434.0,67.0,31.0
/oscar-cabezas/profil/spieler/514299,21-23,143.0,18.0,23.833333333333332
/mo-el-hankouri/profil/spieler/384587,21-23,143.0,18.0,28.6
/andrew-hjulsager/profil/spieler/167798,24-26,174.0,23.0,21.75
/nuno-andre-coelho/profil/spieler/40858,31-34,488.0,56.0,28.705882352941178
/jay-chapman/profil/spieler/189032,24-26,148.0,14.0,16.444444444444443
/fousseni-diabate/profil/spieler/364861,21-23,143.0,18.0,20.428571428571427
/gustavo-hamer/profil/spieler/322985,21-23,143.0,18.0,28.6
/tim-rieder/profil/spieler/111277,24-26,49.0,9.0,5.444444444444445
/samir-handanovic/profil/spieler/28021,31-34,26.0,6.0,1.4444444444444444
/juan-forlin/profil/spieler/53332,31-34,243.0,30.0,16.2
/lyanco/profil/spieler/379807,21-23,332.0,38.0,55.333333333333336
/sebastien-de-maio/profil/spieler/56830,31-34,29.0,3.0,1.8125
/joe-bennett/profil/spieler/90964,27-30,130.0,25.0,10.0
/alisson/profil/spieler/105470,24-26,19.0,5.0,1.9
/fernandinho/profil/spieler/26267,31-34,302.0,45.0,16.77777777777778
/emanuel-iniguez/profil/spieler/542138,21-23,143.0,18.0,23.833333333333332
/giovanni-zarfino/profil/spieler/208022,27-30,79.0,9.0,7.181818181818182
/jorge-fellipe/profil/spieler/132060,27-30,183.0,26.0,13.071428571428571
/fedor-chalov/profil/spieler/287183,21-23,143.0,18.0,28.6
/wallace/profil/spieler/225335,24-26,137.0,28.0,17.125
/mauricio-rosales/profil/spieler/251619,27-30,183.0,26.0,16.636363636363637
/tom-edwards/profil/spieler/430788,Sub_20,73.0,8.0,18.25
/andreas-cornelius/profil/spieler/203412,24-26,38.0,5.0,3.8
/zaydou-youssouf/profil/spieler/471582,Sub_20,73.0,8.0,24.333333333333332
/nathaniel-mendez-laing/profil/spieler/125409,27-30,94.0,12.0,8.545454545454545
/charlie-lakin/profil/spieler/564048,Sub_20,73.0,8.0,18.25
/nahuel-estevez/profil/spieler/552472,21-23,143.0,18.0,20.428571428571427
/ruben-aguilar/profil/spieler/203746,24-26,174.0,23.0,17.4
/federico-valverde/profil/spieler/369081,Sub_20,55.0,8.0,13.75
/esteban-andrada/profil/spieler/105888,27-30,52.0,10.0,4.333333333333333
/dong-won-ji/profil/spieler/164265,27-30,315.0,42.0,28.636363636363637
/stephane-sparagna/profil/spieler/289216,24-26,211.0,27.0,26.375
/serginho/profil/spieler/40555,Plus_35,244.0,34.0,12.2
/jan-philipp-kalla/profil/spieler/30985,31-34,563.0,62.0,35.1875
/yoel-barcenas/profil/spieler/283473,24-26,174.0,23.0,19.333333333333332
/roger-espinoza/profil/spieler/71096,31-34,249.0,24.0,15.5625
/senou-coulibaly/profil/spieler/596240,24-26,174.0,23.0,21.75
/nacho-monreal/profil/spieler/43003,31-34,322.0,66.0,18.941176470588236
/alessandro-bastoni/profil/spieler/315853,Sub_20,58.0,8.0,14.5
/aleksandr-kokorin/profil/spieler/89086,27-30,258.0,23.0,21.5
/jeremy-grimm/profil/spieler/56294,31-34,220.0,31.0,13.75
/anthony-forde/profil/spieler/146494,24-26,174.0,23.0,19.333333333333332
/darko-lazovic/profil/spieler/70411,27-30,220.0,28.0,18.333333333333332
/vasilije-janjicic/profil/spieler/265254,Sub_20,38.0,6.0,9.5
/goncalo-cardoso/profil/spieler/587106,Sub_20,73.0,8.0,36.5
/daniel-bessa/profil/spieler/140757,24-26,174.0,23.0,17.4
/yoell-van-nieff/profil/spieler/187301,24-26,6.0,1.0,0.6666666666666666
/luis-alberto/profil/spieler/128220,24-26,160.0,31.0,16.0
/ayaz-guliev/profil/spieler/260672,21-23,143.0,18.0,23.833333333333332
/aleksandr-martynovich/profil/spieler/59352,31-34,21.0,4.0,1.4
/neto/profil/spieler/291968,27-30,183.0,26.0,16.636363636363637
/dax-mccarty/profil/spieler/39479,31-34,90.0,17.0,5.625
/luther-singh/profil/spieler/387378,21-23,143.0,18.0,28.6
/zeki-erkilinc/profil/spieler/387218,21-23,45.0,8.0,9.0
/emmanuel-adebayor/profil/spieler/8883,Plus_35,135.0,30.0,7.105263157894737
/amin-younes/profil/spieler/96167,24-26,345.0,75.0,38.333333333333336
/pasquale-schiattarella/profil/spieler/56762,31-34,12.0,2.0,0.8
/emiliano-insua/profil/spieler/45599,27-30,81.0,10.0,5.785714285714286
/daniel-baier/profil/spieler/4018,31-34,201.0,24.0,11.166666666666666
/fabri/profil/spieler/45882,31-34,424.0,51.0,28.266666666666666
/jordy-de-wijs/profil/spieler/215096,24-26,55.0,8.0,6.875
/hal-robson-kanu/profil/spieler/65976,27-30,19.0,3.0,1.4615384615384615
/thomas-fontaine/profil/spieler/80036,27-30,183.0,26.0,15.25
/joe-allen/profil/spieler/51452,27-30,307.0,45.0,23.615384615384617
/sam-johnson/profil/spieler/252062,24-26,174.0,23.0,17.4
/pirmin-schwegler/profil/spieler/14533,31-34,250.0,31.0,15.625
/jony/profil/spieler/228761,27-30,32.0,5.0,2.909090909090909
/wendel/profil/spieler/499721,21-23,35.0,8.0,7.0
/claudemir/profil/spieler/68275,31-34,22.0,4.0,1.4666666666666666
/javi-galan/profil/spieler/448628,24-26,174.0,23.0,21.75
/niklas-lomb/profil/spieler/85543,24-26,34.0,8.0,3.7777777777777777
/junior-sambia/profil/spieler/335147,21-23,143.0,18.0,23.833333333333332
/andrew-taylor/profil/spieler/29158,31-34,170.0,28.0,10.625
/fede-san-emeterio/profil/spieler/307519,21-23,143.0,18.0,23.833333333333332
/dani-calvo/profil/spieler/326416,24-26,174.0,23.0,19.333333333333332
/kevin-wimmer/profil/spieler/122675,24-26,24.0,6.0,2.4
/juan-sanchez-mino/profil/spieler/169249,27-30,9.0,2.0,0.6923076923076923
/gael-kakuta/profil/spieler/74297,27-30,276.0,58.0,25.09090909090909
/facundo-almada/profil/spieler/639390,Sub_20,73.0,8.0,18.25
/david-mcgoldrick/profil/spieler/35416,31-34,288.0,28.0,19.2
/dario-van-den-buijs/profil/spieler/235274,21-23,90.0,12.0,12.857142857142858
/mats-kohlert/profil/spieler/288067,21-23,47.0,7.0,9.4
/antonio-barreca/profil/spieler/241889,24-26,86.0,12.0,10.75
/andoni-gorosabel/profil/spieler/289255,21-23,121.0,18.0,20.166666666666668
/jules-keita/profil/spieler/402117,Sub_20,73.0,8.0,18.25
/matthew-pennington/profil/spieler/220755,24-26,161.0,23.0,20.125
/emmanuel-ledesma/profil/spieler/62247,27-30,31.0,4.0,2.2142857142857144
/immanuel-hohn/profil/spieler/77920,27-30,237.0,25.0,21.545454545454547
/federico-peluso/profil/spieler/21763,Plus_35,169.0,30.0,8.894736842105264
/sergio-pellissier/profil/spieler/5928,Plus_35,219.0,29.0,9.125
/christian-walton/profil/spieler/208379,21-23,71.0,25.0,10.142857142857142
/batuhan-artarslan/profil/spieler/237481,24-26,139.0,27.0,17.375
/ivan-novoseltsev/profil/spieler/231873,27-30,125.0,19.0,11.363636363636363
/callum-paterson/profil/spieler/169555,24-26,592.0,62.0,74.0
/kieran-trippier/profil/spieler/95810,27-30,183.0,26.0,15.25
/ridgeciano-haps/profil/spieler/228444,24-26,330.0,48.0,36.666666666666664
/mark-duffy/profil/spieler/105565,31-34,20.0,3.0,1.1764705882352942
/iago-falque/profil/spieler/59340,27-30,172.0,29.0,13.23076923076923
/dimitri-foulquier/profil/spieler/170472,24-26,184.0,22.0,18.4
/rafael/profil/spieler/61892,27-30,291.0,46.0,24.25
/andrea-seculin/profil/spieler/85380,27-30,183.0,29.0,15.25
/mark-anthony-kaye/profil/spieler/343553,24-26,156.0,15.0,19.5
/tim-kister/profil/spieler/54767,31-34,418.0,54.0,26.125
/ugur-demirok/profil/spieler/44977,27-30,180.0,29.0,12.857142857142858
/matias-pellegrini/profil/spieler/606267,Sub_20,73.0,8.0,24.333333333333332
/vedad-ibisevic/profil/spieler/21175,31-34,314.0,37.0,17.444444444444443
/jordan-marie/profil/spieler/231025,27-30,183.0,26.0,16.636363636363637
/eduardo-henrique/profil/spieler/216118,21-23,143.0,18.0,20.428571428571427
/tim-parker/profil/spieler/354737,24-26,174.0,23.0,17.4
/yuri-zhirkov/profil/spieler/16760,Plus_35,475.0,66.0,25.0
/achraf-hakimi/profil/spieler/398073,Sub_20,91.0,7.0,22.75
/bouna-sarr/profil/spieler/190685,27-30,16.0,2.0,1.4545454545454546
/ruben-vezo/profil/spieler/257851,24-26,74.0,10.0,8.222222222222221
/naim-sliti/profil/spieler/184491,24-26,46.0,8.0,4.6
/artem-dzyuba/profil/spieler/48067,27-30,83.0,7.0,5.928571428571429
/angel-gonzalez/profil/spieler/347920,24-26,174.0,23.0,21.75
/mauro-junior/profil/spieler/323910,Sub_20,73.0,8.0,18.25
/bartosz-bialkowski/profil/spieler/24496,31-34,123.0,12.0,8.2
/jose-antonio-reyes/profil/spieler/7717,Plus_35,196.0,39.0,10.31578947368421
/abdelhamid-sabiri/profil/spieler/340394,21-23,194.0,28.0,32.333333333333336
/dean-henderson/profil/spieler/258919,21-23,143.0,18.0,23.833333333333332
/maikel-kieftenbeld/profil/spieler/82332,27-30,311.0,11.0,25.916666666666668
/stewart-downing/profil/spieler/4063,31-34,199.0,38.0,11.055555555555555
/rasmus-thelander/profil/spieler/129092,27-30,547.0,73.0,49.72727272727273
/baptiste-reynet/profil/spieler/190786,27-30,183.0,26.0,15.25
/juan-muniz/profil/spieler/85357,27-30,99.0,12.0,9.0
/joel-lynch/profil/spieler/33070,31-34,220.0,31.0,14.666666666666666
/jeremy-sorbon/profil/spieler/56820,Plus_35,244.0,34.0,12.842105263157896
/leandro-chichizola/profil/spieler/95736,27-30,10.0,1.0,0.7692307692307693
/luca-zander/profil/spieler/139278,21-23,634.0,74.0,90.57142857142857
/zhi-yang/profil/spieler/63522,Plus_35,363.0,35.0,18.15
/arne-feick/profil/spieler/38609,31-34,288.0,28.0,19.2
/nelson-monte/profil/spieler/332615,21-23,207.0,22.0,29.571428571428573
/aly-cissokho/profil/spieler/57515,31-34,118.0,18.0,7.866666666666666
/dennis-praet/profil/spieler/129588,24-26,174.0,23.0,19.333333333333332
/youssouf-sabaly/profil/spieler/135492,24-26,86.0,10.0,8.6
/taha-yalciner/profil/spieler/51938,31-34,96.0,13.0,6.0
/dmitri-poloz/profil/spieler/98539,27-30,183.0,26.0,16.636363636363637
/barrie-mckay/profil/spieler/208934,24-26,174.0,23.0,21.75
/mickael-alphonse/profil/spieler/172153,27-30,183.0,26.0,14.076923076923077
/abdoulaye-diallo/profil/spieler/415271,21-23,143.0,18.0,20.428571428571427
/adama-diomande/profil/spieler/93145,27-30,111.0,16.0,8.538461538461538
/dan-crowley/profil/spieler/223225,21-23,143.0,18.0,28.6
/adrian-semper/profil/spieler/317057,21-23,143.0,18.0,28.6
/leander-dendoncker/profil/spieler/168157,24-26,59.0,8.0,7.375
/florent-muslija/profil/spieler/337036,Sub_20,73.0,8.0,18.25
/cristian-romero/profil/spieler/355915,21-23,143.0,18.0,28.6
/sammy-ameobi/profil/spieler/92381,27-30,157.0,23.0,14.272727272727273
/joshua-king/profil/spieler/91059,27-30,183.0,26.0,16.636363636363637
/marcio-mossoro/profil/spieler/45596,Plus_35,257.0,28.0,13.526315789473685
/ronaldo-vieira/profil/spieler/434676,Sub_20,23.0,5.0,5.75
/carlos-fernandez/profil/spieler/216464,21-23,435.0,51.0,72.5
/patrick-twumasi/profil/spieler/188651,24-26,174.0,23.0,19.333333333333332
/gia-grigalava/profil/spieler/52089,27-30,103.0,9.0,7.923076923076923
/ryan-shawcross/profil/spieler/45861,31-34,230.0,31.0,15.333333333333334
/mossa/profil/spieler/96094,27-30,183.0,26.0,13.071428571428571
/paxton-pomykal/profil/spieler/455978,Sub_20,101.0,17.0,33.666666666666664
/granit-xhaka/profil/spieler/111455,24-26,174.0,23.0,17.4
/goncalo-guedes/profil/spieler/225122,21-23,107.0,20.0,17.833333333333332
/agustin-verdugo/profil/spieler/528270,21-23,143.0,18.0,28.6
/thiago-silva/profil/spieler/29241,31-34,426.0,77.0,23.666666666666668
/seth-sinovic/profil/spieler/144959,31-34,151.0,25.0,9.4375
/henry-wingo/profil/spieler/378478,21-23,112.0,16.0,16.0
/alberto-benito/profil/spieler/263748,24-26,35.0,6.0,3.5
/kei-kamara/profil/spieler/39049,31-34,18.0,3.0,1.0
/egor-sorokin/profil/spieler/288721,21-23,143.0,18.0,20.428571428571427
/sam-mcqueen/profil/spieler/226968,24-26,174.0,23.0,21.75
/stefan-mitrovic/profil/spieler/143029,27-30,176.0,22.0,14.666666666666666
/evan-bush/profil/spieler/148916,31-34,220.0,31.0,12.941176470588236
/paulinho/profil/spieler/211072,24-26,78.0,13.0,7.8
/nicolas-de-la-cruz/profil/spieler/397458,21-23,286.0,35.0,57.2
/jordan-hamilton/profil/spieler/294707,21-23,143.0,18.0,20.428571428571427
/tyrell-malacia/profil/spieler/339340,Sub_20,53.0,6.0,17.666666666666668
/denis-terentjev/profil/spieler/144583,24-26,265.0,29.0,26.5
/kevin-bonifazi/profil/spieler/247377,21-23,137.0,19.0,22.833333333333332
/frederik-ronnow/profil/spieler/107775,24-26,421.0,47.0,42.1
/russell-teibert/profil/spieler/103627,24-26,184.0,20.0,18.4
/fernando-barrientos/profil/spieler/154292,27-30,183.0,26.0,16.636363636363637
/santiago-patino/profil/spieler/644780,21-23,143.0,18.0,23.833333333333332
/franco-di-santo/profil/spieler/59783,27-30,387.0,57.0,27.642857142857142
/lucas-torro/profil/spieler/213670,24-26,187.0,30.0,23.375
/steven-bergwijn/profil/spieler/284165,21-23,99.0,6.0,19.8
/jires-kembo-ekoko/profil/spieler/40446,31-34,85.0,15.0,5.666666666666667
/vanja-vucicevic/profil/spieler/423612,21-23,143.0,18.0,28.6
/lucas-chaves/profil/spieler/360791,21-23,143.0,18.0,20.428571428571427
/alan-schons/profil/spieler/378866,24-26,174.0,23.0,19.333333333333332
/ricardo-esgaio/profil/spieler/139395,24-26,20.0,4.0,2.2222222222222223
/martin-dubravka/profil/spieler/74960,27-30,183.0,26.0,13.071428571428571
/vincent-kompany/profil/spieler/9594,31-34,598.0,108.0,35.1764705882353
/abdullahi-shehu/profil/spieler/262687,24-26,159.0,16.0,15.9
/konstantinos-mavropanos/profil/spieler/415912,21-23,117.0,28.0,23.4
/chico-geraldes/profil/spieler/257456,24-26,102.0,19.0,12.75
/todd-kane/profil/spieler/154287,24-26,318.0,55.0,35.333333333333336
/fedor-kudryashov/profil/spieler/48634,31-34,123.0,7.0,7.6875
/mert-hakan-yandas/profil/spieler/306462,24-26,101.0,14.0,12.625
/jose-izquierdo/profil/spieler/147094,24-26,234.0,37.0,23.4
/memphis-depay/profil/spieler/167850,24-26,48.0,11.0,5.333333333333333
/ander-iturraspe/profil/spieler/71571,27-30,250.0,45.0,17.857142857142858
/dennis-hadzikadunic/profil/spieler/322065,Sub_20,73.0,8.0,18.25
/christian-atsu/profil/spieler/186997,27-30,209.0,27.0,19.0
/kevin-mirallas/profil/spieler/33639,31-34,183.0,31.0,12.2
/angelo-fulgini/profil/spieler/250013,21-23,143.0,18.0,23.833333333333332
/adam-marusic/profil/spieler/239802,24-26,71.0,13.0,7.1
/rodrigo-becao/profil/spieler/410158,21-23,7.0,2.0,1.0
/patrik-sigurdur-gunnarsson/profil/spieler/429563,Sub_20,73.0,8.0,36.5
/mattias-bjarsmyr/profil/spieler/30386,31-34,139.0,20.0,8.176470588235293
/stefan-radu/profil/spieler/44420,31-34,266.0,39.0,16.625
/evgeni-kharin/profil/spieler/193464,21-23,143.0,18.0,20.428571428571427
/edwar-lopez/profil/spieler/572077,24-26,174.0,23.0,21.75
/edu-campabadal/profil/spieler/126722,24-26,378.0,41.0,37.8
/konstantin-pliev/profil/spieler/394400,21-23,143.0,18.0,23.833333333333332
/richard-smallwood/profil/spieler/158713,27-30,183.0,26.0,15.25
/jordy-clasie/profil/spieler/104223,27-30,191.0,25.0,17.363636363636363
/adama-traore/profil/spieler/204103,21-23,116.0,19.0,16.571428571428573
/serge-aurier/profil/spieler/127032,24-26,195.0,43.0,19.5
/hector-bellerin/profil/spieler/191217,24-26,263.0,43.0,32.875
/andres-lioi/profil/spieler/563336,21-23,143.0,18.0,23.833333333333332
/jan-arie-van-der-heijden/profil/spieler/45538,31-34,136.0,20.0,9.066666666666666
/mahmut-tekdemir/profil/spieler/54177,31-34,140.0,26.0,9.333333333333334
/almamy-toure/profil/spieler/216181,21-23,370.0,46.0,52.857142857142854
/jack-lankester/profil/spieler/602544,Sub_20,73.0,8.0,24.333333333333332
/bressan/profil/spieler/256453,24-26,47.0,3.0,4.7
/brandt-bronico/profil/spieler/271183,21-23,143.0,18.0,20.428571428571427
/andres-renteria/profil/spieler/233007,24-26,12.0,3.0,1.2
/erik-durm/profil/spieler/93922,27-30,570.0,94.0,51.81818181818182
/maciej-rybus/profil/spieler/59597,27-30,317.0,57.0,24.384615384615383
/kevin-stewart/profil/spieler/200782,24-26,49.0,9.0,5.444444444444445
/olamide-shodipo/profil/spieler/401268,21-23,143.0,18.0,28.6
/daniel-steininger/profil/spieler/195720,24-26,131.0,18.0,16.375
/georgi-schennikov/profil/spieler/70097,27-30,521.0,67.0,43.416666666666664
/ben-wiles/profil/spieler/542471,Sub_20,73.0,8.0,18.25
/bruno-fernandes/profil/spieler/240306,24-26,174.0,23.0,21.75
/kelyn-rowe/profil/spieler/183118,27-30,78.0,13.0,7.090909090909091
/luca-siligardi/profil/spieler/86079,31-34,294.0,35.0,19.6
/alexander-rossipal/profil/spieler/296188,21-23,142.0,16.0,23.666666666666668
/jubal/profil/spieler/149928,24-26,252.0,5.0,28.0
/vukasin-jovanovic/profil/spieler/264140,21-23,105.0,22.0,17.5
/david-atanga/profil/spieler/254284,21-23,74.0,17.0,12.333333333333334
/davinson-sanchez/profil/spieler/341429,21-23,50.0,15.0,8.333333333333334
/daan-klomp/profil/spieler/400671,Sub_20,73.0,8.0,18.25
/rodrigo-arciero/profil/spieler/322649,24-26,174.0,23.0,17.4
/mauricio-pereyra/profil/spieler/102452,27-30,44.0,9.0,3.3846153846153846
/johannes-flum/profil/spieler/38415,31-34,483.0,64.0,32.2
/josh-tymon/profil/spieler/419929,Sub_20,73.0,8.0,24.333333333333332
/ali-adnan/profil/spieler/261611,24-26,44.0,6.0,4.888888888888889
/kwadwo-asamoah/profil/spieler/63531,27-30,452.0,78.0,32.285714285714285
/lukas-frode/profil/spieler/153628,24-26,66.0,12.0,8.25
/matthias-verreth/profil/spieler/292817,21-23,143.0,18.0,28.6
/tom-barlow/profil/spieler/509916,21-23,143.0,18.0,20.428571428571427
/mauricio-toni/profil/spieler/540299,21-23,143.0,18.0,28.6
/waldemar-sobota/profil/spieler/110852,31-34,156.0,21.0,10.4
/ilya-abaev/profil/spieler/15569,Plus_35,61.0,14.0,2.9047619047619047
/adam-armstrong/profil/spieler/250426,21-23,19.0,3.0,3.1666666666666665
/michael-frey/profil/spieler/147043,24-26,481.0,62.0,60.125
/enzo-loiodice/profil/spieler/581781,Sub_20,30.0,5.0,15.0
/gael-clichy/profil/spieler/7449,31-34,316.0,59.0,18.58823529411765
/jackson-irvine/profil/spieler/192557,24-26,36.0,4.0,3.6
/joao-lopes/profil/spieler/547553,21-23,143.0,18.0,20.428571428571427
/bram-nuytinck/profil/spieler/104597,27-30,258.0,40.0,19.846153846153847
/tin-jedvaj/profil/spieler/206386,21-23,402.0,55.0,57.42857142857143
/claudio-spinelli/profil/spieler/504882,21-23,143.0,18.0,23.833333333333332
/carraca/profil/spieler/291941,24-26,174.0,23.0,17.4
/kikas/profil/spieler/383807,Sub_20,23.0,4.0,5.75
/atakan-akkaynak/profil/spieler/327542,Sub_20,73.0,8.0,18.25
/luca-zidane/profil/spieler/283489,21-23,231.0,32.0,46.2
/dario-melnjak/profil/spieler/238500,24-26,174.0,23.0,17.4
/james-mcclean/profil/spieler/85935,27-30,31.0,3.0,2.2142857142857144
/joaquin-correa/profil/spieler/227081,24-26,79.0,15.0,9.875
/ruben-rochina/profil/spieler/67548,27-30,221.0,29.0,18.416666666666668
/benjamin-pavard/profil/spieler/353366,21-23,92.0,8.0,13.142857142857142
/thomas-bruns/profil/spieler/172202,27-30,29.0,5.0,2.6363636363636362
/chadrac-akolo/profil/spieler/247459,24-26,561.0,35.0,70.125
/chris-mepham/profil/spieler/480987,21-23,143.0,18.0,28.6
/papy-djilobodji/profil/spieler/136610,27-30,21.0,3.0,1.5
/michael-de-leeuw/profil/spieler/110906,31-34,417.0,54.0,26.0625
/gonzalo-asis/profil/spieler/549958,21-23,143.0,18.0,20.428571428571427
/borja-valle/profil/spieler/176067,24-26,41.0,6.0,4.1
/felix-platte/profil/spieler/195782,21-23,773.0,88.0,110.42857142857143
/pol-llonch/profil/spieler/205276,24-26,18.0,3.0,1.8
/callum-elder/profil/spieler/271997,24-26,174.0,23.0,21.75
/abel-hernandez/profil/spieler/76608,27-30,784.0,127.0,65.33333333333333
/joao-novais/profil/spieler/228940,24-26,174.0,23.0,19.333333333333332
/charles/profil/spieler/16335,31-34,108.0,18.0,6.0
/jozabed-sanchez/profil/spieler/207924,27-30,54.0,8.0,4.5
/marcelo/profil/spieler/190185,27-30,232.0,22.0,17.846153846153847
/lionel-carole/profil/spieler/11530,27-30,101.0,20.0,8.416666666666666
/fabio-pacheco/profil/spieler/111200,27-30,39.0,6.0,2.7857142857142856
/sebastian-rode/profil/spieler/44466,27-30,468.0,79.0,39.0
/fredy-montero/profil/spieler/73852,31-34,58.0,13.0,3.8666666666666667
/francesco-magnanelli/profil/spieler/7093,31-34,261.0,38.0,14.5
/pablo-fornals/profil/spieler/357885,21-23,18.0,3.0,2.5714285714285716
/miiko-albornoz/profil/spieler/75852,27-30,207.0,23.0,17.25
/tim-van-de-berg/profil/spieler/447827,21-23,143.0,18.0,28.6
/maximilian-bauer/profil/spieler/388363,Sub_20,13.0,2.0,4.333333333333333
/ryan-williams/profil/spieler/192239,24-26,174.0,23.0,19.333333333333332
/caner-cavlan/profil/spieler/136550,27-30,32.0,1.0,2.909090909090909
/gonzalo-maroni/profil/spieler/441385,Sub_20,73.0,8.0,18.25
/zeki-yavru/profil/spieler/98131,27-30,48.0,11.0,4.363636363636363
/johannes-van-den-bergh/profil/spieler/31218,31-34,242.0,39.0,15.125
/nicolas-linares/profil/spieler/534616,21-23,143.0,18.0,20.428571428571427
/roberto-piccoli/profil/spieler/432092,Sub_20,73.0,8.0,36.5
/jimmy-briand/profil/spieler/18909,31-34,285.0,33.0,16.764705882352942
/sory-kaba/profil/spieler/355689,21-23,14.0,2.0,2.0
/justen-glad/profil/spieler/334597,21-23,58.0,8.0,9.666666666666666
/semi-ajayi/profil/spieler/251912,24-26,174.0,23.0,19.333333333333332
/kike-marquez/profil/spieler/101733,27-30,183.0,26.0,14.076923076923077
/james-chester/profil/spieler/73482,27-30,220.0,33.0,15.714285714285714
/ben-alnwick/profil/spieler/27036,31-34,30.0,5.0,1.875
/hassane-kamara/profil/spieler/290017,24-26,81.0,10.0,9.0
/joe-mattock/profil/spieler/49611,27-30,183.0,26.0,14.076923076923077
/emil-krafth/profil/spieler/184528,24-26,124.0,17.0,15.5
/cyrus-christie/profil/spieler/158623,24-26,95.0,16.0,9.5
/carlos-pita/profil/spieler/34566,31-34,220.0,31.0,12.222222222222221
/nicolas-schiappacasse/profil/spieler/345473,Sub_20,16.0,2.0,4.0
/tolgay-arslan/profil/spieler/53536,27-30,397.0,56.0,33.083333333333336
/tobias-reithmeir/profil/spieler/420298,Sub_20,73.0,8.0,24.333333333333332
/sean-klaiber/profil/spieler/268113,24-26,250.0,34.0,31.25
/jannik-pohl/profil/spieler/288432,21-23,106.0,11.0,15.142857142857142
/gaston-campi/profil/spieler/292174,27-30,183.0,26.0,15.25
/jasmin-kurtic/profil/spieler/85825,27-30,72.0,12.0,5.142857142857143
/matheus-reis/profil/spieler/379249,24-26,174.0,23.0,21.75
/federico-mattiello/profil/spieler/200194,21-23,702.0,58.0,100.28571428571429
/miles-robinson/profil/spieler/468022,21-23,143.0,18.0,23.833333333333332
/jose-luis-palomino/profil/spieler/125020,27-30,55.0,10.0,4.230769230769231
/nathaniel-clyne/profil/spieler/85177,27-30,302.0,52.0,25.166666666666668
/francesco-acerbi/profil/spieler/131075,31-34,199.0,30.0,13.266666666666667
/tim-chow/profil/spieler/196693,24-26,9.0,2.0,1.0
/cole-skuse/profil/spieler/48094,31-34,220.0,31.0,12.941176470588236
/daniel-lasure/profil/spieler/336736,24-26,77.0,15.0,8.555555555555555
/sergi-palencia/profil/spieler/268176,21-23,210.0,22.0,30.0
/kevin-vazquez/profil/spieler/221315,24-26,78.0,9.0,7.8
/raphael-framberger/profil/spieler/146163,21-23,621.0,69.0,88.71428571428571
/anton-belov/profil/spieler/425746,21-23,143.0,18.0,20.428571428571427
/nelson-semedo/profil/spieler/231572,24-26,143.0,28.0,15.88888888888889
/andre-zambo-anguissa/profil/spieler/354361,21-23,78.0,13.0,11.142857142857142
/marc-aurele-caillard/profil/spieler/205465,24-26,174.0,23.0,19.333333333333332
/arturo-vidal/profil/spieler/37666,31-34,174.0,21.0,11.6
/luciano-abecasis/profil/spieler/149435,27-30,183.0,26.0,15.25
/alexis-maldonado/profil/spieler/444100,21-23,143.0,18.0,28.6
/filip-kusic/profil/spieler/217285,21-23,143.0,18.0,23.833333333333332
/laurent-depoitre/profil/spieler/90583,27-30,32.0,6.0,2.2857142857142856
/michel-vorm/profil/spieler/26276,Plus_35,267.0,32.0,14.052631578947368
/theodor-gebre-selassie/profil/spieler/60632,31-34,125.0,16.0,7.8125
/vladimir-poluyakhtov/profil/spieler/58429,27-30,183.0,26.0,14.076923076923077
/oussama-tannane/profil/spieler/235540,24-26,316.0,47.0,35.111111111111114
/dusan-vlahovic/profil/spieler/357498,Sub_20,73.0,8.0,24.333333333333332
/diego-lainez/profil/spieler/371174,Sub_20,23.0,4.0,11.5
/thomas-amilivia/profil/spieler/639767,Sub_20,73.0,8.0,18.25
/stefan-posch/profil/spieler/223974,21-23,169.0,18.0,28.166666666666668
/agustin-allione/profil/spieler/189411,24-26,144.0,20.0,18.0
/romain-metanire/profil/spieler/154209,27-30,183.0,26.0,14.076923076923077
/nahitan-nandez/profil/spieler/315063,21-23,31.0,9.0,4.428571428571429
/jake-livermore/profil/spieler/61832,27-30,183.0,26.0,14.076923076923077
/paolo-goltz/profil/spieler/55183,31-34,104.0,18.0,5.777777777777778
/aleksandar-katai/profil/spieler/139915,27-30,20.0,2.0,1.6666666666666667
/oumar-niasse/profil/spieler/209781,27-30,183.0,26.0,14.076923076923077
/aymen-barkok/profil/spieler/315332,Sub_20,44.0,2.0,11.0
/filip-djuricic/profil/spieler/94307,27-30,70.0,8.0,6.363636363636363
/klaus-gjasula/profil/spieler/57598,27-30,209.0,22.0,16.076923076923077
/benjamin-mendy/profil/spieler/157495,24-26,506.0,101.0,63.25
/luciano-slagveer/profil/spieler/187298,24-26,123.0,21.0,13.666666666666666
/marc-muniesa/profil/spieler/74228,27-30,461.0,54.0,41.90909090909091
/lechii-sadulaev/profil/spieler/623553,Sub_20,73.0,8.0,24.333333333333332
/kenedy/profil/spieler/281404,21-23,121.0,12.0,17.285714285714285
/melvyn-lorenzen/profil/spieler/143121,24-26,568.0,65.0,71.0
/manu-garcia/profil/spieler/76273,31-34,220.0,31.0,12.941176470588236
/leon-musaev/profil/spieler/375668,Sub_20,73.0,8.0,18.25
/denis-glushakov/profil/spieler/55336,31-34,80.0,17.0,5.0
/tiago-mesquita/profil/spieler/130622,27-30,229.0,28.0,19.083333333333332
/murat-yildirim/profil/spieler/35530,31-34,31.0,4.0,2.066666666666667
/jose-valencia/profil/spieler/119183,27-30,333.0,43.0,30.272727272727273
/filippo-costa/profil/spieler/197743,21-23,64.0,10.0,9.142857142857142
/marcel-schmelzer/profil/spieler/35208,31-34,245.0,40.0,16.333333333333332
/jean-kevin-augustin/profil/spieler/264956,21-23,33.0,6.0,6.6
/cheikh-mbengue/profil/spieler/56795,27-30,133.0,25.0,9.5
/jonathan-sandoval/profil/spieler/74268,31-34,220.0,31.0,14.666666666666666
/luciano-vietto/profil/spieler/214316,24-26,59.0,10.0,6.555555555555555
/ivan-radovanovic/profil/spieler/46105,27-30,564.0,60.0,40.285714285714285
/nicklas-pedersen/profil/spieler/44588,31-34,191.0,21.0,12.733333333333333
/alfie-mawson/profil/spieler/287431,24-26,193.0,27.0,21.444444444444443
/enzo-kalinski/profil/spieler/67818,31-34,220.0,31.0,13.75
/reece-burke/profil/spieler/264220,21-23,143.0,18.0,23.833333333333332
/yuri-nesterenko/profil/spieler/147072,27-30,183.0,26.0,16.636363636363637
/daniel-bentley/profil/spieler/136401,24-26,174.0,23.0,19.333333333333332
/manuel-fernandes/profil/spieler/16791,31-34,391.0,54.0,23.0
/federico-marchetti/profil/spieler/22318,Plus_35,353.0,53.0,17.65
/willian-jose/profil/spieler/122155,27-30,137.0,18.0,12.454545454545455
/elias-gomez/profil/spieler/302139,24-26,174.0,23.0,21.75
/manu-barreiro/profil/spieler/72484,31-34,13.0,0.0,0.8125
/oliver-norwood/profil/spieler/73547,27-30,183.0,26.0,15.25
/eric-alexander/profil/spieler/146031,31-34,140.0,23.0,9.333333333333334
/mevlut-erdinc/profil/spieler/38360,31-34,100.0,21.0,6.25
/takashi-usami/profil/spieler/111881,27-30,153.0,27.0,13.909090909090908
/lucas-woudenberg/profil/spieler/221766,24-26,10.0,2.0,1.1111111111111112
/jonas-knudsen/profil/spieler/144904,24-26,174.0,23.0,17.4
/caleb-stanko/profil/spieler/190269,24-26,384.0,46.0,42.666666666666664
/ponck/profil/spieler/341516,24-26,174.0,23.0,21.75
/dairon-asprilla/profil/spieler/260381,24-26,30.0,5.0,3.0
/lucas-moura/profil/spieler/77100,24-26,88.0,16.0,8.8
/andrew-surman/profil/spieler/29975,31-34,317.0,48.0,19.8125
/robin-koch/profil/spieler/328784,21-23,143.0,18.0,23.833333333333332
/viktor-vasin/profil/spieler/60134,27-30,661.0,82.0,47.214285714285715
/lucas-melano/profil/spieler/220753,24-26,174.0,23.0,17.4
/grzegorz-krychowiak/profil/spieler/45184,27-30,88.0,22.0,6.769230769230769
/iago-herrerin/profil/spieler/71570,31-34,91.0,11.0,6.066666666666666
/mikhail-lysov/profil/spieler/289590,21-23,143.0,18.0,28.6
/ben-thompson/profil/spieler/337062,21-23,143.0,18.0,20.428571428571427
/joe-bryan/profil/spieler/194460,24-26,47.0,7.0,5.222222222222222
/brian-rowe/profil/spieler/213545,27-30,48.0,10.0,3.4285714285714284
/matt-crooks/profil/spieler/169416,24-26,60.0,9.0,6.666666666666667
/omer-sismanoglu/profil/spieler/50774,27-30,360.0,60.0,27.692307692307693
/kirill-panchenko/profil/spieler/106675,27-30,230.0,30.0,17.692307692307693
/delano-van-crooij/profil/spieler/159143,27-30,183.0,26.0,16.636363636363637
/hilal-ben-moussa/profil/spieler/223405,24-26,344.0,46.0,34.4
/tyler-adams/profil/spieler/332705,Sub_20,63.0,10.0,15.75
/henk-veerman/profil/spieler/271743,27-30,212.0,24.0,17.666666666666668
/hakan-ozmert/profil/spieler/17465,31-34,327.0,52.0,19.235294117647058
/eric-remedi/profil/spieler/362364,21-23,10.0,1.0,1.4285714285714286
/anibal-godoy/profil/spieler/161671,27-30,30.0,4.0,2.3076923076923075
/alper-potuk/profil/spieler/99186,27-30,185.0,32.0,15.416666666666666
/christian-martinez/profil/spieler/419247,21-23,10.0,1.0,1.6666666666666667
/mikhail-levashov/profil/spieler/148028,27-30,26.0,5.0,2.3636363636363638
/washington-camacho/profil/spieler/76490,31-34,32.0,4.0,1.8823529411764706
/yvon-mvogo/profil/spieler/147051,24-26,53.0,8.0,6.625
/rafael-crivellaro/profil/spieler/145692,27-30,76.0,10.0,5.428571428571429
/christopher-handke/profil/spieler/57704,27-30,78.0,8.0,5.571428571428571
/jamilu-collins/profil/spieler/254934,24-26,174.0,23.0,21.75
/florian-baak/profil/spieler/296345,Sub_20,83.0,11.0,20.75
/alex-tayo-akande/profil/spieler/209778,27-30,72.0,7.0,5.142857142857143
/aytac-kara/profil/spieler/159908,24-26,343.0,37.0,34.3
/ozer-hurmaci/profil/spieler/45004,31-34,464.0,66.0,29.0
/malcom/profil/spieler/323704,21-23,143.0,18.0,23.833333333333332
/brad-smith/profil/spieler/175745,24-26,338.0,36.0,37.55555555555556
/saad-abdul-salaam/profil/spieler/270532,27-30,20.0,2.0,1.8181818181818181
/ibrahima-cisse/profil/spieler/160380,24-26,148.0,18.0,16.444444444444443
/gavin-massey/profil/spieler/148258,24-26,174.0,23.0,17.4
/konrad-laimer/profil/spieler/223967,21-23,130.0,14.0,26.0
/aleksey-gritsaenko/profil/spieler/379634,21-23,40.0,4.0,5.714285714285714
/artem-golubev/profil/spieler/375663,Sub_20,73.0,8.0,18.25
/jack-price/profil/spieler/129062,24-26,174.0,23.0,17.4
/michael-ihiekwe/profil/spieler/145923,24-26,174.0,23.0,17.4
/adrian-dalmau/profil/spieler/288228,24-26,49.0,5.0,5.444444444444445
/matias-vecino/profil/spieler/143812,27-30,160.0,25.0,14.545454545454545
/enis-bardhi/profil/spieler/245014,21-23,7.0,2.0,1.0
/chechu-dorado/profil/spieler/70898,Plus_35,179.0,27.0,8.95
/mikel-merino/profil/spieler/338424,21-23,130.0,18.0,21.666666666666668
/johannes-wurtz/profil/spieler/93926,24-26,163.0,14.0,16.3
/sebastian-villa/profil/spieler/493000,21-23,143.0,18.0,23.833333333333332
/michael-ratajczak/profil/spieler/1257,Plus_35,22.0,4.0,1.0476190476190477
/mbilla-etame/profil/spieler/78798,27-30,486.0,71.0,34.714285714285715
/josh-vela/profil/spieler/173804,24-26,68.0,14.0,7.555555555555555
/vladislav-ignatjev/profil/spieler/51897,31-34,29.0,6.0,1.8125
/makhete-diop/profil/spieler/124757,31-34,220.0,31.0,14.666666666666666
/leandro-sapetti/profil/spieler/149486,27-30,29.0,3.0,2.0714285714285716
/ferhat-oztorun/profil/spieler/37839,31-34,82.0,18.0,5.125
/santi-mina/profil/spieler/255653,21-23,88.0,13.0,12.571428571428571
/calvin-verdonk/profil/spieler/258364,21-23,3.0,2.0,0.5
/hassani-dotson/profil/spieler/636081,21-23,143.0,18.0,28.6
/mike-te-wierik/profil/spieler/155806,24-26,97.0,15.0,9.7
/victor-cabrera/profil/spieler/353463,24-26,149.0,24.0,14.9
/matteo-scozzarella/profil/spieler/85208,27-30,288.0,32.0,20.571428571428573
/ryan-bennett/profil/spieler/67252,27-30,54.0,10.0,4.153846153846154
/mads-bech-sorensen/profil/spieler/372240,Sub_20,73.0,8.0,18.25
/oliver-baumann/profil/spieler/55089,27-30,8.0,2.0,0.6666666666666666
/ogenyi-onazi/profil/spieler/131709,24-26,316.0,43.0,31.6
/baptiste-santamaria/profil/spieler/285323,24-26,174.0,23.0,21.75
/fede-vico/profil/spieler/162079,24-26,174.0,23.0,21.75
/joao-camacho/profil/spieler/268732,24-26,53.0,9.0,6.625
/arkadiusz-milik/profil/spieler/191891,24-26,394.0,72.0,43.77777777777778
/joao-palhinha/profil/spieler/257455,21-23,4.0,1.0,0.5714285714285714
/karl-toko-ekambi/profil/spieler/315110,24-26,174.0,23.0,17.4
/bilal-kisa/profil/spieler/7444,Plus_35,435.0,73.0,22.894736842105264
/rudy-gestede/profil/spieler/39908,27-30,183.0,26.0,13.071428571428571
/lucas-olaza/profil/spieler/216240,24-26,131.0,16.0,16.375
/vitor-bruno/profil/spieler/130635,27-30,183.0,26.0,14.076923076923077
/otavio/profil/spieler/312314,24-26,174.0,23.0,19.333333333333332
/cristian-borja/profil/spieler/356099,24-26,15.0,2.0,1.5
/ollie-watkins/profil/spieler/324358,21-23,143.0,18.0,20.428571428571427
/leandro-paredes/profil/spieler/166237,24-26,145.0,17.0,18.125
/duvan-vergara/profil/spieler/413658,21-23,143.0,18.0,23.833333333333332
/dmitri-kombarov/profil/spieler/38782,31-34,38.0,6.0,2.375
/fernando-monetti/profil/spieler/69815,27-30,182.0,21.0,13.0
/carlos-pomares/profil/spieler/238872,24-26,174.0,23.0,17.4
/bastos/profil/spieler/195810,27-30,88.0,16.0,7.333333333333333
/daniel-carvajal/profil/spieler/138927,27-30,388.0,61.0,35.27272727272727
/abduhamit-abdugheni/profil/spieler/449191,21-23,143.0,18.0,28.6
/ceyhun-gulselam/profil/spieler/37216,31-34,48.0,9.0,3.2
/lorenzo-de-silvestri/profil/spieler/33571,27-30,276.0,31.0,19.714285714285715
/kevin-muller/profil/spieler/43824,27-30,44.0,6.0,3.6666666666666665
/facundo-roncaglia/profil/spieler/61546,31-34,119.0,15.0,7.4375
/dominic-calvert-lewin/profil/spieler/306024,21-23,122.0,12.0,20.333333333333332
/remi-matthews/profil/spieler/196722,24-26,92.0,14.0,10.222222222222221
/nayef-aguerd/profil/spieler/361914,21-23,143.0,18.0,20.428571428571427
/billy-jones/profil/spieler/36866,31-34,196.0,24.0,12.25
/wilfried-kanga/profil/spieler/395523,21-23,143.0,18.0,28.6
/filipe-melo/profil/spieler/134580,27-30,272.0,45.0,20.923076923076923
/mike-maignan/profil/spieler/182906,21-23,113.0,19.0,16.142857142857142
/nicky-beloko/profil/spieler/382774,Sub_20,73.0,8.0,24.333333333333332
/riccardo-meggiorini/profil/spieler/28936,31-34,315.0,37.0,18.529411764705884
/karim-benzema/profil/spieler/18922,31-34,244.0,40.0,16.266666666666666
/emmanuel-mas/profil/spieler/77153,27-30,6.0,0.0,0.42857142857142855
/damian-szymanski/profil/spieler/259881,21-23,159.0,20.0,22.714285714285715
/diego-mercado/profil/spieler/556049,21-23,143.0,18.0,23.833333333333332
/bernardo/profil/spieler/364258,24-26,86.0,11.0,10.75
/emanuel-taffertshofer/profil/spieler/196785,24-26,40.0,6.0,5.0
/mathias-jensen/profil/spieler/319859,21-23,157.0,23.0,22.428571428571427
/edin-visca/profil/spieler/109217,27-30,119.0,21.0,9.153846153846153
/ramon-azeez/profil/spieler/131667,24-26,84.0,11.0,8.4
/cris/profil/spieler/24946,Plus_35,69.0,12.0,3.6315789473684212
/luke-steele/profil/spieler/3539,31-34,220.0,31.0,12.222222222222221
/niklas-moisander/profil/spieler/5017,31-34,353.0,60.0,20.764705882352942
/abdoulay-diaby/profil/spieler/148396,27-30,156.0,20.0,14.181818181818182
/dmitri-stotskiy/profil/spieler/124700,27-30,183.0,26.0,14.076923076923077
/mats-hummels/profil/spieler/39728,27-30,77.0,11.0,5.5
/wesley-hoolahan/profil/spieler/24589,Plus_35,244.0,34.0,12.2
/michael-breij/profil/spieler/258511,21-23,143.0,18.0,23.833333333333332
/matias-romero/profil/spieler/605721,21-23,143.0,18.0,20.428571428571427
/mike-havekotte/profil/spieler/206743,21-23,143.0,18.0,20.428571428571427
/abdon-prats/profil/spieler/177452,24-26,17.0,2.0,1.7
/nejc-skubic/profil/spieler/91434,27-30,13.0,3.0,1.0
/jordan-harvey/profil/spieler/39354,Plus_35,31.0,7.0,1.631578947368421
/thomas-monconduit/profil/spieler/127182,27-30,183.0,26.0,15.25
/nordi-mukiele/profil/spieler/348026,21-23,143.0,18.0,28.6
/jeremiah-gutjahr/profil/spieler/402838,21-23,143.0,18.0,28.6
/pol-lirola/profil/spieler/298975,21-23,135.0,15.0,27.0
/bekim-balaj/profil/spieler/99137,27-30,16.0,2.0,1.3333333333333333
/diego-demme/profil/spieler/82070,27-30,109.0,9.0,9.909090909090908
/edgar-prib/profil/spieler/60028,27-30,808.0,92.0,62.15384615384615
/toni-kroos/profil/spieler/31909,27-30,199.0,38.0,15.307692307692308
/wilfrid-kaptoum/profil/spieler/256120,21-23,565.0,70.0,94.16666666666667
/alhassane-keita/profil/spieler/197734,27-30,183.0,26.0,16.636363636363637
/sokratis/profil/spieler/34322,27-30,65.0,12.0,4.642857142857143
/radosav-petrovic/profil/spieler/75296,27-30,63.0,11.0,4.5
/kevin-mac-allister/profil/spieler/428920,21-23,120.0,0.0,24.0
/tim-skarke/profil/spieler/287920,21-23,69.0,10.0,11.5
/fernando-godoy/profil/spieler/130452,27-30,6.0,1.0,0.46153846153846156
/ismail-koybasi/profil/spieler/74641,27-30,766.0,98.0,58.92307692307692
/ola-kamara/profil/spieler/62067,27-30,86.0,10.0,6.615384615384615
/george-byers/profil/spieler/240083,21-23,143.0,18.0,23.833333333333332
/roland-sallai/profil/spieler/332798,21-23,193.0,24.0,38.6
/tyrone-mears/profil/spieler/14050,Plus_35,331.0,53.0,16.55
/victor-laguardia/profil/spieler/67080,27-30,785.0,71.0,60.38461538461539
/alexander-gonzalez/profil/spieler/147562,24-26,106.0,14.0,10.6
/serkan-kirintili/profil/spieler/16058,31-34,111.0,18.0,6.166666666666667
/emiliano-moretti/profil/spieler/5755,Plus_35,66.0,12.0,3.142857142857143
/chung-yong-lee/profil/spieler/81801,27-30,426.0,79.0,30.428571428571427
/daniel-butterworth/profil/spieler/478637,Sub_20,73.0,8.0,24.333333333333332
/shamit-shome/profil/spieler/423445,21-23,69.0,9.0,13.8
/michael-barrios/profil/spieler/313286,27-30,25.0,3.0,2.0833333333333335
/jimmy-durmaz/profil/spieler/80205,27-30,114.0,24.0,8.142857142857142
/vedat-muriqi/profil/spieler/256267,24-26,174.0,23.0,19.333333333333332
/santiago-mosquera/profil/spieler/490621,24-26,52.0,7.0,6.5
/raheem-sterling/profil/spieler/134425,24-26,66.0,12.0,8.25
/bjorn-engels/profil/spieler/193469,24-26,546.0,99.0,68.25
/vyacheslav-podberezkin/profil/spieler/207528,24-26,195.0,15.0,19.5
/senad-lulic/profil/spieler/61449,31-34,320.0,51.0,18.823529411764707
/jimmy-maurer/profil/spieler/183337,27-30,183.0,26.0,13.071428571428571
/jalil-elias/profil/spieler/376859,21-23,143.0,18.0,20.428571428571427
/joaquin-varela/profil/spieler/553421,21-23,143.0,18.0,23.833333333333332
/nicolo-zaniolo/profil/spieler/392085,Sub_20,73.0,8.0,24.333333333333332
/marcelo-mino/profil/spieler/508135,21-23,143.0,18.0,28.6
/roy-beerens/profil/spieler/25427,31-34,320.0,34.0,21.333333333333332
/giannelli-imbula/profil/spieler/130756,24-26,10.0,1.0,1.0
/danil-stepanov/profil/spieler/456182,Sub_20,73.0,8.0,24.333333333333332
/marcelo-saracchi/profil/spieler/373916,21-23,45.0,9.0,9.0
/ryo-miyaichi/profil/spieler/129688,24-26,1207.0,121.0,120.7
/patrik-schick/profil/spieler/242086,21-23,106.0,19.0,15.142857142857142
/pierluigi-gollini/profil/spieler/244192,24-26,174.0,23.0,21.75
/federico-fazio/profil/spieler/45314,31-34,103.0,25.0,6.4375
/jay-roy-grot/profil/spieler/360517,21-23,28.0,4.0,5.6
/matias-kranevitter/profil/spieler/240900,24-26,174.0,23.0,19.333333333333332
/andres-ponce/profil/spieler/308256,21-23,29.0,4.0,4.833333333333333
/denis-odoi/profil/spieler/59641,27-30,7.0,2.0,0.5
/manuel-lazzari/profil/spieler/331401,24-26,39.0,6.0,4.333333333333333
/darren-potter/profil/spieler/22231,31-34,220.0,31.0,12.222222222222221
/rurik-gislason/profil/spieler/15961,31-34,238.0,33.0,15.866666666666667
/james-igbekeme/profil/spieler/375849,21-23,21.0,3.0,3.0
/erik-lamela/profil/spieler/111630,27-30,604.0,90.0,54.90909090909091
/pascal-testroet/profil/spieler/53521,27-30,530.0,73.0,44.166666666666664
/lorenzo-melgarejo/profil/spieler/127822,27-30,49.0,8.0,4.083333333333333
/gaston-pereiro/profil/spieler/264116,21-23,4.0,1.0,0.5714285714285714
/florian-carstens/profil/spieler/334543,Sub_20,73.0,8.0,18.25
/roman-martinez/profil/spieler/53134,Plus_35,244.0,34.0,12.2
/alex-lopez/profil/spieler/166674,24-26,174.0,23.0,19.333333333333332
/tomas-cardona/profil/spieler/422700,21-23,143.0,18.0,20.428571428571427
/georgi-melkadze/profil/spieler/281552,21-23,32.0,4.0,5.333333333333333
/hector-verdes/profil/spieler/57954,31-34,43.0,3.0,2.388888888888889
/vicente-gomez/profil/spieler/153236,27-30,157.0,10.0,11.214285714285714
/marcin-kaminski/profil/spieler/129358,27-30,70.0,11.0,6.363636363636363
/boulaye-dia/profil/spieler/626913,21-23,143.0,18.0,23.833333333333332
/moussa-diaby/profil/spieler/395516,Sub_20,73.0,8.0,24.333333333333332
/javier-mascherano/profil/spieler/19981,31-34,219.0,37.0,12.166666666666666
/keinan-davis/profil/spieler/412660,21-23,143.0,18.0,28.6
/joe-newell/profil/spieler/185342,24-26,174.0,23.0,17.4
/saman-ghoddos/profil/spieler/204294,24-26,35.0,5.0,3.888888888888889
/anthony-jackson-hamel/profil/spieler/333093,24-26,13.0,2.0,1.4444444444444444
/mert-gunok/profil/spieler/51894,27-30,63.0,10.0,4.5
/diego-capel/profil/spieler/27471,31-34,151.0,19.0,10.066666666666666
/elias-pereyra/profil/spieler/576027,Sub_20,73.0,8.0,18.25
/andrea-petagna/profil/spieler/199258,21-23,143.0,18.0,20.428571428571427
/agustin-heredia/profil/spieler/570420,21-23,143.0,18.0,28.6
/david-texeira/profil/spieler/143182,27-30,127.0,31.0,10.583333333333334
/karim-rekik/profil/spieler/182579,24-26,281.0,72.0,35.125
